text,image,카테고리_주제,카테고리_품사,실체,필요성분,명사구분,동사구분
공부시간,http://220.69.171.28:8080/Symbol/Symbol/n3_hag_gyo_/n1_zcorez_/gong_bu_si_gan_201_.png,학교,명사,1,0,0,0
과학실,http://220.69.171.28:8080/Symbol/Symbol/n3_hag_gyo_/n1_zcorez_/gwa_hag_sil_.png,학교,명사,2,0,0,0
교과서를펴주세요,http://220.69.171.28:8080/Symbol/Symbol/n3_hag_gyo_/n1_zcorez_/gyo_gwa_seo_reul_pyeo_ju_se_yo_.png,학교,동사,0,0,0,0
교육,http://220.69.171.28:8080/Symbol/Symbol/n3_hag_gyo_/n1_zcorez_/gyo_yug_201_.png,학교,명사,1,0,0,0
나가서놀래요,http://220.69.171.28:8080/Symbol/Symbol/n3_hag_gyo_/n1_zcorez_/na_ga_seo_nol_rae_yo_.png,학교,동사,0,0,0,0
남은시간을-알려주세요,http://220.69.171.28:8080/Symbol/Symbol/n3_hag_gyo_/n1_zcorez_/nam_eun_si_gan_eul_al_ryeo_ju_se_yo_003_.png,학교,동사,0,0,0,0
남은시간을알려주세요,http://220.69.171.28:8080/Symbol/Symbol/n3_hag_gyo_/n1_zcorez_/nam_eun_si_gan_eul_al_ryeo_ju_se_yo_001_.png,학교,동사,0,0,0,0
남은시간을알려주세요,http://220.69.171.28:8080/Symbol/Symbol/n3_hag_gyo_/n1_zcorez_/nam_eun_si_gan_eul_al_ryeo_ju_se_yo_002_.png,학교,동사,0,0,0,0
남자친구,http://220.69.171.28:8080/Symbol/Symbol/n3_hag_gyo_/n1_zcorez_/nam_ja_cin_gu_001_.png,학교,명사,2,0,0,0
남자친구,http://220.69.171.28:8080/Symbol/Symbol/n3_hag_gyo_/n1_zcorez_/nam_ja_cin_gu_002_.png,학교,명사,2,0,0,0
남자친구,http://220.69.171.28:8080/Symbol/Symbol/n3_hag_gyo_/n1_zcorez_/nam_ja_cin_gu_201_.png,학교,명사,2,0,0,0
내-차례에요,http://220.69.171.28:8080/Symbol/Symbol/n3_hag_gyo_/n1_zcorez_/nae_ca_rye_e_yo_002_.png,학교,동사,0,0,0,0
내일보자,http://220.69.171.28:8080/Symbol/Symbol/n3_hag_gyo_/n1_zcorez_/nae_il_bo_ja_.png,학교,동사,0,0,0,0
내차례에요,http://220.69.171.28:8080/Symbol/Symbol/n3_hag_gyo_/n1_zcorez_/nae_ca_rye_e_yo_201_.png,학교,동사,0,0,0,0
내차례예요,http://220.69.171.28:8080/Symbol/Symbol/n3_hag_gyo_/n1_zcorez_/nae_ca_rye_ye_yo_001_.png,학교,동사,0,0,0,0
내친구들,http://220.69.171.28:8080/Symbol/Symbol/n3_hag_gyo_/n1_zcorez_/nae_cin_gu_deul_201_.png,학교,명사,2,0,0,0
네말이맞아,http://220.69.171.28:8080/Symbol/Symbol/n3_hag_gyo_/n1_zcorez_/ne_mal_i_maj_a_.png,학교,동사,0,0,0,0
놀이시간,http://220.69.171.28:8080/Symbol/Symbol/n3_hag_gyo_/n1_zcorez_/nol_i_si_gan_201_.png,학교,명사,1,0,0,0
늦었어요,http://220.69.171.28:8080/Symbol/Symbol/n3_hag_gyo_/n1_zcorez_/neuj_eoss_eo_yo_001_.png,학교,동사,0,0,0,0
늦었어요,http://220.69.171.28:8080/Symbol/Symbol/n3_hag_gyo_/n1_zcorez_/neuj_eoss_eo_yo_002_.png,학교,동사,0,0,0,0
늦었어요,http://220.69.171.28:8080/Symbol/Symbol/n3_hag_gyo_/n1_zcorez_/neuj_eoss_eo_yo_003_.png,학교,동사,0,0,0,0
답을알려주세요,http://220.69.171.28:8080/Symbol/Symbol/n3_hag_gyo_/n1_zcorez_/dab_eul_al_ryeo_ju_se_yo_.png,학교,동사,0,0,0,0
대답,http://220.69.171.28:8080/Symbol/Symbol/n3_hag_gyo_/n1_zcorez_/dae_dab_.png,학교,명사,1,0,0,0
등교준비하기,http://220.69.171.28:8080/Symbol/Symbol/n3_hag_gyo_/n1_zcorez_/deung_gyo_jun_bi_ha_gi_2.png,학교,명사,1,0,0,0
맞아요,http://220.69.171.28:8080/Symbol/Symbol/n3_hag_gyo_/n1_zcorez_/maj_a_yo_201_.png,학교,동사,0,0,0,0
문제를설명해주세요,http://220.69.171.28:8080/Symbol/Symbol/n3_hag_gyo_/n1_zcorez_/mun_je_reul_seol_myeong_hae_ju_se_yo_.png,학교,동사,0,0,0,0
보조원선생님,http://220.69.171.28:8080/Symbol/Symbol/n3_hag_gyo_/n1_zcorez_/bo_jo_weon_seon_saeng_nim_.png,학교,명사,2,0,0,0
선배,http://220.69.171.28:8080/Symbol/Symbol/n3_hag_gyo_/n1_zcorez_/seon_bae_.png,학교,명사,2,0,0,0
선생님,http://220.69.171.28:8080/Symbol/Symbol/n3_hag_gyo_/n1_zcorez_/seon_saeng_nim_001_.png,학교,명사,2,0,0,0
선생님,http://220.69.171.28:8080/Symbol/Symbol/n3_hag_gyo_/n1_zcorez_/seon_saeng_nim_002_.png,학교,명사,2,0,0,0
선생님,http://220.69.171.28:8080/Symbol/Symbol/n3_hag_gyo_/n1_zcorez_/seon_saeng_nim_003_.png,학교,명사,2,0,0,0
선생님,http://220.69.171.28:8080/Symbol/Symbol/n3_hag_gyo_/n1_zcorez_/seon_saeng_nim_004_.png,학교,명사,2,0,0,0
선생님,http://220.69.171.28:8080/Symbol/Symbol/n3_hag_gyo_/n1_zcorez_/seon_saeng_nim_201_.png,학교,명사,2,0,0,0
시험공부,http://220.69.171.28:8080/Symbol/Symbol/n3_hag_gyo_/n1_zcorez_/si_heom_gong_bu_.png,학교,명사,1,0,0,0
시험공부,http://220.69.171.28:8080/Symbol/Symbol/n3_hag_gyo_/n1_zcorez_/si_heom_gong_bu_201_.png,학교,명사,1,0,0,0
시험범위를알려주세요,http://220.69.171.28:8080/Symbol/Symbol/n3_hag_gyo_/n1_zcorez_/si_heom_beom_wi_reul_al_ryeo_ju_se_yo_.png,학교,동사,0,0,0,0
안들려요,http://220.69.171.28:8080/Symbol/Symbol/n3_hag_gyo_/n1_zcorez_/an_deul_ryeo_yo_001_.png,학교,동사,0,이,0,0
안들려요,http://220.69.171.28:8080/Symbol/Symbol/n3_hag_gyo_/n1_zcorez_/an_deul_ryeo_yo_002_.png,학교,동사,0,이,0,0
약먹을시간이에요,http://220.69.171.28:8080/Symbol/Symbol/n3_hag_gyo_/n1_zcorez_/yag_meog_eul_si_gan_i_e_yo_001_.png,학교,동사,0,0,0,0
약먹을시간이에요,http://220.69.171.28:8080/Symbol/Symbol/n3_hag_gyo_/n1_zcorez_/yag_meog_eul_si_gan_i_e_yo_002_.png,학교,동사,0,0,0,0
약먹을시간이에요,http://220.69.171.28:8080/Symbol/Symbol/n3_hag_gyo_/n1_zcorez_/yag_meog_eul_si_gan_i_e_yo_003_.png,학교,동사,0,0,0,0
약먹을시간이에요,http://220.69.171.28:8080/Symbol/Symbol/n3_hag_gyo_/n1_zcorez_/yag_meog_eul_si_gan_i_e_yo_004_.png,학교,동사,0,0,0,0
양호실,http://220.69.171.28:8080/Symbol/Symbol/n3_hag_gyo_/n1_zcorez_/yang_ho_sil_001_.png,학교,명사,2,0,0,0
양호실,http://220.69.171.28:8080/Symbol/Symbol/n3_hag_gyo_/n1_zcorez_/yang_ho_sil_002_.png,학교,명사,2,0,0,0
양호실에갈래요,http://220.69.171.28:8080/Symbol/Symbol/n3_hag_gyo_/n1_zcorez_/yang_ho_sil_e_gal_rae_yo_.png,학교,동사,0,0,0,0
엘리베이터까지데려다주세요,http://220.69.171.28:8080/Symbol/Symbol/n3_hag_gyo_/n1_zcorez_/el_ri_be_i_teo_gga_ji_de_ryeo_da_ju_se_yo_.png,학교,동사,0,0,0,0
여자친구,http://220.69.171.28:8080/Symbol/Symbol/n3_hag_gyo_/n1_zcorez_/yeo_ja_cin_gu_001_.png,학교,명사,2,0,0,0
여자친구,http://220.69.171.28:8080/Symbol/Symbol/n3_hag_gyo_/n1_zcorez_/yeo_ja_cin_gu_002_.png,학교,명사,2,0,0,0
여자친구,http://220.69.171.28:8080/Symbol/Symbol/n3_hag_gyo_/n1_zcorez_/yeo_ja_cin_gu_201_.png,학교,명사,2,0,0,0
연필주세요,http://220.69.171.28:8080/Symbol/Symbol/n3_hag_gyo_/n1_zcorez_/yeon_pil_ju_se_yo_.png,학교,동사,0,0,0,0
열심히,http://220.69.171.28:8080/Symbol/Symbol/n3_hag_gyo_/n1_zcorez_/yeol_sim_hi_.png,학교,부사,0,0,0,0
영어회화실,http://220.69.171.28:8080/Symbol/Symbol/n3_hag_gyo_/n1_zcorez_/yeong_eo_hoe_hwa_sil_.png,학교,명사,2,0,0,0
운동장,http://220.69.171.28:8080/Symbol/Symbol/n3_hag_gyo_/n1_zcorez_/un_dong_jang_.png,학교,명사,2,0,0,0
운동장에-나갈래요,http://220.69.171.28:8080/Symbol/Symbol/n3_hag_gyo_/n1_zcorez_/un_dong_jang_e_na_gal_rae_yo_002_.png,학교,동사,0,0,0,0
운동장에나갈래요,http://220.69.171.28:8080/Symbol/Symbol/n3_hag_gyo_/n1_zcorez_/un_dong_jang_e_na_gal_rae_yo_001_.png,학교,동사,0,0,0,0
운동장에나갈래요,http://220.69.171.28:8080/Symbol/Symbol/n3_hag_gyo_/n1_zcorez_/un_dong_jang_e_na_gal_rae_yo_201_.png,학교,동사,0,0,0,0
음악실,http://220.69.171.28:8080/Symbol/Symbol/n3_hag_gyo_/n1_zcorez_/eum_ag_sil_.png,학교,명사,2,0,0,0
음악실,http://220.69.171.28:8080/Symbol/Symbol/additional/eum_ag_sil_.png,학교,명사,2,0,0,0
자율학습,http://220.69.171.28:8080/Symbol/Symbol/n3_hag_gyo_/n1_zcorez_/ja_yul_hag_seub_001_.png,학교,명사,1,0,0,0
자율학습,http://220.69.171.28:8080/Symbol/Symbol/n3_hag_gyo_/n1_zcorez_/ja_yul_hag_seub_002_.png,학교,명사,1,0,0,0
자율학습,http://220.69.171.28:8080/Symbol/Symbol/n3_hag_gyo_/n1_zcorez_/ja_yul_hag_seub_003_.png,학교,명사,1,0,0,0
적어주세요,http://220.69.171.28:8080/Symbol/Symbol/n3_hag_gyo_/n1_zcorez_/jeog_eo_ju_se_yo_.png,학교,동사,0,을,0,0
졸려요,http://220.69.171.28:8080/Symbol/Symbol/n3_hag_gyo_/n1_zcorez_/jol_ryeo_yo_.png,학교,동사,0,0,0,0
졸려요,http://220.69.171.28:8080/Symbol/Symbol/n3_hag_gyo_/n1_zcorez_/jol_ryeo_yo_201_.png,학교,동사,0,0,0,0
짝꿍,http://220.69.171.28:8080/Symbol/Symbol/n3_hag_gyo_/n1_zcorez_/jjag_ggung_.png,학교,명사,2,0,0,0
책상정리해주세요,http://220.69.171.28:8080/Symbol/Symbol/n3_hag_gyo_/n1_zcorez_/caeg_sang_jeong_ri_hae_ju_se_yo_.png,학교,동사,0,0,0,0
컴퓨터실,http://220.69.171.28:8080/Symbol/Symbol/n3_hag_gyo_/n1_zcorez_/keom_pyu_teo_sil_.png,학교,명사,2,0,0,0
컴퓨터실,http://220.69.171.28:8080/Symbol/Symbol/additional/keom_pyu_teo_sil_.png,학교,명사,2,0,0,0
학교식당,http://220.69.171.28:8080/Symbol/Symbol/n3_hag_gyo_/n1_zcorez_/hag_gyo_sig_dang_.png,학교,명사,2,0,0,0
후배,http://220.69.171.28:8080/Symbol/Symbol/n3_hag_gyo_/n1_zcorez_/hu_bae_.png,학교,명사,2,0,0,0
1층,http://220.69.171.28:8080/Symbol/Symbol/n3_hag_gyo_/n2_hag_gyo_dae_hwa_/n1_ceung_001_.png,학교,명사,2,0,0,0
1층,http://220.69.171.28:8080/Symbol/Symbol/n3_hag_gyo_/n2_hag_gyo_dae_hwa_/n1_ceung_002_.png,학교,명사,2,0,0,0
2층,http://220.69.171.28:8080/Symbol/Symbol/n3_hag_gyo_/n2_hag_gyo_dae_hwa_/n2_ceung_001_.png,학교,명사,2,0,0,0
2층,http://220.69.171.28:8080/Symbol/Symbol/n3_hag_gyo_/n2_hag_gyo_dae_hwa_/n2_ceung_002_.png,학교,명사,2,0,0,0
3층,http://220.69.171.28:8080/Symbol/Symbol/n3_hag_gyo_/n2_hag_gyo_dae_hwa_/n3_ceung_001_.png,학교,명사,2,0,0,0
3층,http://220.69.171.28:8080/Symbol/Symbol/n3_hag_gyo_/n2_hag_gyo_dae_hwa_/n3_ceung_002_.png,학교,명사,2,0,0,0
4층,http://220.69.171.28:8080/Symbol/Symbol/n3_hag_gyo_/n2_hag_gyo_dae_hwa_/n4_ceung_001_.png,학교,명사,2,0,0,0
4층,http://220.69.171.28:8080/Symbol/Symbol/n3_hag_gyo_/n2_hag_gyo_dae_hwa_/n4_ceung_002_.png,학교,명사,2,0,0,0
5층,http://220.69.171.28:8080/Symbol/Symbol/n3_hag_gyo_/n2_hag_gyo_dae_hwa_/n5_ceung_001_.png,학교,명사,2,0,0,0
5층,http://220.69.171.28:8080/Symbol/Symbol/n3_hag_gyo_/n2_hag_gyo_dae_hwa_/n5_ceung_002_.png,학교,명사,2,0,0,0
같이해요,http://220.69.171.28:8080/Symbol/Symbol/n3_hag_gyo_/n2_hag_gyo_dae_hwa_/gat_i_hae_yo_.png,학교,동사,0,을,0,0
고등학교,http://220.69.171.28:8080/Symbol/Symbol/n3_hag_gyo_/n2_hag_gyo_dae_hwa_/go_deung_hag_gyo_001_.png,학교,명사,2,0,0,0
고등학교,http://220.69.171.28:8080/Symbol/Symbol/n3_hag_gyo_/n2_hag_gyo_dae_hwa_/go_deung_hag_gyo_002_.png,학교,명사,2,0,0,0
고등학교,http://220.69.171.28:8080/Symbol/Symbol/n3_hag_gyo_/n2_hag_gyo_dae_hwa_/go_deung_hag_gyo_003_.png,학교,명사,2,0,0,0
교감선생님,http://220.69.171.28:8080/Symbol/Symbol/n3_hag_gyo_/n2_hag_gyo_dae_hwa_/gyo_gam_seon_saeng_nim_.png,학교,명사,2,0,0,0
교무실,http://220.69.171.28:8080/Symbol/Symbol/n3_hag_gyo_/n2_hag_gyo_dae_hwa_/gyo_mu_sil_.png,학교,명사,2,0,0,0
교문,http://220.69.171.28:8080/Symbol/Symbol/n3_hag_gyo_/n2_hag_gyo_dae_hwa_/gyo_mun_.png,학교,명사,2,0,0,0
교실,http://220.69.171.28:8080/Symbol/Symbol/n3_hag_gyo_/n2_hag_gyo_dae_hwa_/gyo_sil_.png,학교,명사,2,0,0,0
교장선생님,http://220.69.171.28:8080/Symbol/Symbol/n3_hag_gyo_/n2_hag_gyo_dae_hwa_/gyo_jang_seon_saeng_nim_.png,학교,명사,2,0,0,0
교장실,http://220.69.171.28:8080/Symbol/Symbol/n3_hag_gyo_/n2_hag_gyo_dae_hwa_/gyo_jang_sil_.png,학교,명사,2,0,0,0
교탁,http://220.69.171.28:8080/Symbol/Symbol/n3_hag_gyo_/n2_hag_gyo_dae_hwa_/gyo_tag_001_.png,학교,명사,2,0,0,0
교탁,http://220.69.171.28:8080/Symbol/Symbol/n3_hag_gyo_/n2_hag_gyo_dae_hwa_/gyo_tag_002_.png,학교,명사,2,0,0,0
국어,http://220.69.171.28:8080/Symbol/Symbol/n3_hag_gyo_/n2_hag_gyo_dae_hwa_/gug_eo_1.png,학교,명사,1,0,0,0
급식,http://220.69.171.28:8080/Symbol/Symbol/n3_hag_gyo_/n2_hag_gyo_dae_hwa_/geub_sig_.png,학교,명사,1,0,0,0
나가고싶어요,http://220.69.171.28:8080/Symbol/Symbol/n3_hag_gyo_/n2_hag_gyo_dae_hwa_/na_ga_go_sip_eo_yo_.png,학교,동사,0,에,0,0
너무슨일있어,http://220.69.171.28:8080/Symbol/Symbol/n3_hag_gyo_/n2_hag_gyo_dae_hwa_/neo_mu_seun_il_iss_eo_.png,학교,동사,0,0,0,0
너무슨일있어,http://220.69.171.28:8080/Symbol/Symbol/n3_hag_gyo_/n2_hag_gyo_dae_hwa_/neo_mu_seun_il_iss_eo_201_.png,학교,동사,0,0,0,0
누구예요,http://220.69.171.28:8080/Symbol/Symbol/n3_hag_gyo_/n2_hag_gyo_dae_hwa_/nu_gu_ye_yo_.png,학교,동사,0,0,0,0
다녀요,http://220.69.171.28:8080/Symbol/Symbol/n3_hag_gyo_/n2_hag_gyo_dae_hwa_/da_nyeo_yo_.png,학교,동사,0,에,0,0
다했어요,http://220.69.171.28:8080/Symbol/Symbol/n3_hag_gyo_/n2_hag_gyo_dae_hwa_/da_haess_eo_yo_1.png,학교,동사,0,을,0,0
다했어요,http://220.69.171.28:8080/Symbol/Symbol/n3_hag_gyo_/n2_hag_gyo_dae_hwa_/da_haess_eo_yo_201_.png,학교,동사,0,을,0,0
담임선생님,http://220.69.171.28:8080/Symbol/Symbol/n3_hag_gyo_/n2_hag_gyo_dae_hwa_/dam_im_seon_saeng_nim_.png,학교,명사,2,0,0,0
담임선생님,http://220.69.171.28:8080/Symbol/Symbol/n3_hag_gyo_/n2_hag_gyo_dae_hwa_/dam_im_seon_saeng_nim_201_.png,학교,명사,2,0,0,0
당번,http://220.69.171.28:8080/Symbol/Symbol/n3_hag_gyo_/n2_hag_gyo_dae_hwa_/dang_beon_201_.png,학교,명사,1,0,0,0
대학교,http://220.69.171.28:8080/Symbol/Symbol/n3_hag_gyo_/n2_hag_gyo_dae_hwa_/dae_hag_gyo_001_.png,학교,명사,2,0,0,0
대학교,http://220.69.171.28:8080/Symbol/Symbol/n3_hag_gyo_/n2_hag_gyo_dae_hwa_/dae_hag_gyo_002_.png,학교,명사,2,0,0,0
대학교,http://220.69.171.28:8080/Symbol/Symbol/n3_hag_gyo_/n2_hag_gyo_dae_hwa_/dae_hag_gyo_003_.png,학교,명사,2,0,0,0
대학원,http://220.69.171.28:8080/Symbol/Symbol/n3_hag_gyo_/n2_hag_gyo_dae_hwa_/dae_hag_weon_001_.png,학교,명사,2,0,0,0
대학원,http://220.69.171.28:8080/Symbol/Symbol/n3_hag_gyo_/n2_hag_gyo_dae_hwa_/dae_hag_weon_002_.png,학교,명사,2,0,0,0
대학원,http://220.69.171.28:8080/Symbol/Symbol/n3_hag_gyo_/n2_hag_gyo_dae_hwa_/dae_hag_weon_003_.png,학교,명사,2,0,0,0
도서실,http://220.69.171.28:8080/Symbol/Symbol/n3_hag_gyo_/n2_hag_gyo_dae_hwa_/do_seo_sil_.png,학교,명사,2,0,0,0
매점,http://220.69.171.28:8080/Symbol/Symbol/n3_hag_gyo_/n2_hag_gyo_dae_hwa_/mae_jeom_2.png,학교,명사,2,0,0,0
모둠활동,http://220.69.171.28:8080/Symbol/Symbol/n3_hag_gyo_/n2_hag_gyo_dae_hwa_/mo_dum_hwal_dong_001_.png,학교,명사,1,0,0,0
모둠활동,http://220.69.171.28:8080/Symbol/Symbol/n3_hag_gyo_/n2_hag_gyo_dae_hwa_/mo_dum_hwal_dong_002_.png,학교,명사,1,0,0,0
무슨과목좋아해,http://220.69.171.28:8080/Symbol/Symbol/n3_hag_gyo_/n2_hag_gyo_dae_hwa_/mu_seun_gwa_mog_joh_a_hae_.png,학교,동사,0,0,0,0
미술,http://220.69.171.28:8080/Symbol/Symbol/n3_hag_gyo_/n2_hag_gyo_dae_hwa_/mi_sul_001_.png,학교,명사,1,0,0,0
미술,http://220.69.171.28:8080/Symbol/Symbol/n3_hag_gyo_/n2_hag_gyo_dae_hwa_/mi_sul_002_.png,학교,명사,1,0,0,0
미술,http://220.69.171.28:8080/Symbol/Symbol/n3_hag_gyo_/n2_hag_gyo_dae_hwa_/mi_sul_003_.png,학교,명사,1,0,0,0
미술,http://220.69.171.28:8080/Symbol/Symbol/n3_hag_gyo_/n2_hag_gyo_dae_hwa_/mi_sul_201_.png,학교,명사,1,0,0,0
미술시간,http://220.69.171.28:8080/Symbol/Symbol/n3_hag_gyo_/n2_hag_gyo_dae_hwa_/mi_sul_si_gan_201_.png,학교,명사,1,0,0,0
미술실,http://220.69.171.28:8080/Symbol/Symbol/n3_hag_gyo_/n2_hag_gyo_dae_hwa_/mi_sul_sil_.png,학교,명사,2,0,0,0
반장,http://220.69.171.28:8080/Symbol/Symbol/n3_hag_gyo_/n2_hag_gyo_dae_hwa_/ban_jang_001_.png,학교,명사,2,0,0,0
반장,http://220.69.171.28:8080/Symbol/Symbol/n3_hag_gyo_/n2_hag_gyo_dae_hwa_/ban_jang_002_.png,학교,명사,2,0,0,0
방과후활동,http://220.69.171.28:8080/Symbol/Symbol/n3_hag_gyo_/n2_hag_gyo_dae_hwa_/bang_gwa_hu_hwal_dong_001_.png,학교,명사,1,0,0,0
방과후활동,http://220.69.171.28:8080/Symbol/Symbol/n3_hag_gyo_/n2_hag_gyo_dae_hwa_/bang_gwa_hu_hwal_dong_002_.png,학교,명사,1,0,0,0
방과후활동,http://220.69.171.28:8080/Symbol/Symbol/n3_hag_gyo_/n2_hag_gyo_dae_hwa_/bang_gwa_hu_hwal_dong_201_.png,학교,명사,1,0,0,0
방학에뭐해,http://220.69.171.28:8080/Symbol/Symbol/n3_hag_gyo_/n2_hag_gyo_dae_hwa_/bang_hag_e_mweo_hae_.png,학교,동사,0,0,0,0
벌서요,http://220.69.171.28:8080/Symbol/Symbol/n3_hag_gyo_/n2_hag_gyo_dae_hwa_/beol_seo_yo_201_.png,학교,동사,0,0,0,0
복도,http://220.69.171.28:8080/Symbol/Symbol/n3_hag_gyo_/n2_hag_gyo_dae_hwa_/bog_do_.png,학교,명사,2,0,0,0
부반장,http://220.69.171.28:8080/Symbol/Symbol/n3_hag_gyo_/n2_hag_gyo_dae_hwa_/bu_ban_jang_001_.png,학교,명사,2,0,0,0
부반장,http://220.69.171.28:8080/Symbol/Symbol/n3_hag_gyo_/n2_hag_gyo_dae_hwa_/bu_ban_jang_002_.png,학교,명사,2,0,0,0
부회장,http://220.69.171.28:8080/Symbol/Symbol/n3_hag_gyo_/n2_hag_gyo_dae_hwa_/bu_hoe_jang_.png,학교,명사,2,0,0,0
사물함,http://220.69.171.28:8080/Symbol/Symbol/n3_hag_gyo_/n2_hag_gyo_dae_hwa_/sa_mul_ham_1.png,학교,명사,2,0,0,0
삼등,http://220.69.171.28:8080/Symbol/Symbol/n3_hag_gyo_/n2_hag_gyo_dae_hwa_/sam_deung_.png,학교,명사,1,0,0,0
상장,http://220.69.171.28:8080/Symbol/Symbol/n3_hag_gyo_/n2_hag_gyo_dae_hwa_/sang_jang_201_.png,학교,명사,2,0,0,0
상패,http://220.69.171.28:8080/Symbol/Symbol/n3_hag_gyo_/n2_hag_gyo_dae_hwa_/sang_pae_201_.png,학교,명사,2,0,0,0
수학,http://220.69.171.28:8080/Symbol/Symbol/n3_hag_gyo_/n2_hag_gyo_dae_hwa_/su_hag_001_.png,학교,명사,1,0,0,0
수학,http://220.69.171.28:8080/Symbol/Symbol/n3_hag_gyo_/n2_hag_gyo_dae_hwa_/su_hag_002_.png,학교,명사,1,0,0,0
쉬는시간,http://220.69.171.28:8080/Symbol/Symbol/n3_hag_gyo_/n2_hag_gyo_dae_hwa_/swi_neun_si_gan_2.png,학교,명사,1,0,0,0
쉬는시간,http://220.69.171.28:8080/Symbol/Symbol/n3_hag_gyo_/n2_hag_gyo_dae_hwa_/swi_neun_si_gan_201_.png,학교,명사,1,0,0,0
시간표,http://220.69.171.28:8080/Symbol/Symbol/n3_hag_gyo_/n2_hag_gyo_dae_hwa_/si_gan_pyo_001_.png,학교,명사,2,0,0,0
시간표,http://220.69.171.28:8080/Symbol/Symbol/n3_hag_gyo_/n2_hag_gyo_dae_hwa_/si_gan_pyo_002_.png,학교,명사,2,0,0,0
시간표,http://220.69.171.28:8080/Symbol/Symbol/n3_hag_gyo_/n2_hag_gyo_dae_hwa_/si_gan_pyo_003_.png,학교,명사,2,0,0,0
시간표,http://220.69.171.28:8080/Symbol/Symbol/n3_hag_gyo_/n2_hag_gyo_dae_hwa_/si_gan_pyo_201_.png,학교,명사,2,0,0,0
신을래요,http://220.69.171.28:8080/Symbol/Symbol/n3_hag_gyo_/n2_hag_gyo_dae_hwa_/sin_eul_rae_yo_.png,학교,동사,0,을,0,0
쓰기공부,http://220.69.171.28:8080/Symbol/Symbol/n3_hag_gyo_/n2_hag_gyo_dae_hwa_/sseu_gi_gong_bu_201_.png,학교,명사,0,0,0,0
쓸래요,http://220.69.171.28:8080/Symbol/Symbol/n3_hag_gyo_/n2_hag_gyo_dae_hwa_/sseul_rae_yo_1.png,학교,동사,0,을,0,0
알려주세요,http://220.69.171.28:8080/Symbol/Symbol/n3_hag_gyo_/n2_hag_gyo_dae_hwa_/al_ryeo_ju_se_yo_1.png,학교,동사,0,을,0,0
앞으로는안그럴게요,http://220.69.171.28:8080/Symbol/Symbol/n3_hag_gyo_/n2_hag_gyo_dae_hwa_/ap_eu_ro_neun_an_geu_reol_ge_yo_201_.png,학교,동사,0,0,0,0
어디예요,http://220.69.171.28:8080/Symbol/Symbol/n3_hag_gyo_/n2_hag_gyo_dae_hwa_/eo_di_ye_yo_.png,학교,동사,0,0,0,0
어떻게해요,http://220.69.171.28:8080/Symbol/Symbol/n3_hag_gyo_/n2_hag_gyo_dae_hwa_/eo_ddeoh_ge_hae_yo_.png,학교,동사,0,0,0,0
영어,http://220.69.171.28:8080/Symbol/Symbol/n3_hag_gyo_/n2_hag_gyo_dae_hwa_/yeong_eo_.png,학교,명사,1,0,0,0
왜요,http://220.69.171.28:8080/Symbol/Symbol/n3_hag_gyo_/n2_hag_gyo_dae_hwa_/wae_yo_.png,학교,명사,0,0,0,0
음악,http://220.69.171.28:8080/Symbol/Symbol/n3_hag_gyo_/n2_hag_gyo_dae_hwa_/eum_ag_2.png,학교,명사,1,0,0,0
이등,http://220.69.171.28:8080/Symbol/Symbol/n3_hag_gyo_/n2_hag_gyo_dae_hwa_/i_deung_.png,학교,명사,1,0,0,0
이등,http://220.69.171.28:8080/Symbol/Symbol/n3_hag_gyo_/n2_hag_gyo_dae_hwa_/i_deung_201_.png,학교,명사,1,0,0,0
일등,http://220.69.171.28:8080/Symbol/Symbol/n3_hag_gyo_/n2_hag_gyo_dae_hwa_/il_deung_.png,학교,명사,1,0,0,0
일등,http://220.69.171.28:8080/Symbol/Symbol/n3_hag_gyo_/n2_hag_gyo_dae_hwa_/il_deung_201_.png,학교,명사,1,0,0,0
잃어버렸어요,http://220.69.171.28:8080/Symbol/Symbol/n3_hag_gyo_/n2_hag_gyo_dae_hwa_/ilh_eo_beo_ryeoss_eo_yo_.png,학교,동사,0,을,0,0
전학생,http://220.69.171.28:8080/Symbol/Symbol/n3_hag_gyo_/n2_hag_gyo_dae_hwa_/jeon_hag_saeng_001_.png,학교,명사,2,0,0,0
전학생,http://220.69.171.28:8080/Symbol/Symbol/n3_hag_gyo_/n2_hag_gyo_dae_hwa_/jeon_hag_saeng_002_.png,학교,명사,2,0,0,0
조례,http://220.69.171.28:8080/Symbol/Symbol/n3_hag_gyo_/n2_hag_gyo_dae_hwa_/jo_rye_.png,학교,명사,1,0,0,0
종례,http://220.69.171.28:8080/Symbol/Symbol/n3_hag_gyo_/n2_hag_gyo_dae_hwa_/jong_rye_.png,학교,명사,1,0,0,0
좋아해요,http://220.69.171.28:8080/Symbol/Symbol/n3_hag_gyo_/n2_hag_gyo_dae_hwa_/joh_a_hae_yo_002_.png,학교,명사,0,을,0,0
주말에뭐했어,http://220.69.171.28:8080/Symbol/Symbol/n3_hag_gyo_/n2_hag_gyo_dae_hwa_/ju_mal_e_mweo_haess_eo_.png,학교,동사,0,0,0,0
중학교,http://220.69.171.28:8080/Symbol/Symbol/n3_hag_gyo_/n2_hag_gyo_dae_hwa_/jung_hag_gyo_001_.png,학교,명사,2,0,0,0
중학교,http://220.69.171.28:8080/Symbol/Symbol/n3_hag_gyo_/n2_hag_gyo_dae_hwa_/jung_hag_gyo_002_.png,학교,명사,2,0,0,0
중학교,http://220.69.171.28:8080/Symbol/Symbol/n3_hag_gyo_/n2_hag_gyo_dae_hwa_/jung_hag_gyo_003_.png,학교,명사,2,0,0,0
지각,http://220.69.171.28:8080/Symbol/Symbol/n3_hag_gyo_/n2_hag_gyo_dae_hwa_/ji_gag_001_.png,학교,명사,1,0,0,0
지각,http://220.69.171.28:8080/Symbol/Symbol/n3_hag_gyo_/n2_hag_gyo_dae_hwa_/ji_gag_002_.png,학교,명사,1,0,0,0
지각,http://220.69.171.28:8080/Symbol/Symbol/n3_hag_gyo_/n2_hag_gyo_dae_hwa_/ji_gag_201_.png,학교,명사,1,0,0,0
지우개,http://220.69.171.28:8080/Symbol/Symbol/n3_hag_gyo_/n2_hag_gyo_dae_hwa_/ji_u_gae_001_.png,학교,명사,2,0,0,0
지우개,http://220.69.171.28:8080/Symbol/Symbol/n3_hag_gyo_/n2_hag_gyo_dae_hwa_/ji_u_gae_002_.png,학교,명사,2,0,0,0
지우개로지워요,http://220.69.171.28:8080/Symbol/Symbol/n3_hag_gyo_/n2_hag_gyo_dae_hwa_/ji_u_gae_ro_ji_weo_yo_201_.png,학교,동사,0,0,0,0
찾아주세요,http://220.69.171.28:8080/Symbol/Symbol/n3_hag_gyo_/n2_hag_gyo_dae_hwa_/caj_a_ju_se_yo_.png,학교,동사,0,을,0,0
체육관,http://220.69.171.28:8080/Symbol/Symbol/n3_hag_gyo_/n2_hag_gyo_dae_hwa_/ce_yug_gwan_.png,학교,명사,2,0,0,0
체육관,http://220.69.171.28:8080/Symbol/Symbol/n3_hag_gyo_/n2_hag_gyo_dae_hwa_/ce_yug_gwan_201_.png,학교,명사,2,0,0,0
초등학교,http://220.69.171.28:8080/Symbol/Symbol/n3_hag_gyo_/n2_hag_gyo_dae_hwa_/co_deung_hag_gyo_001_.png,학교,명사,2,0,0,0
초등학교,http://220.69.171.28:8080/Symbol/Symbol/n3_hag_gyo_/n2_hag_gyo_dae_hwa_/co_deung_hag_gyo_002_.png,학교,명사,2,0,0,0
초등학교,http://220.69.171.28:8080/Symbol/Symbol/n3_hag_gyo_/n2_hag_gyo_dae_hwa_/co_deung_hag_gyo_003_.png,학교,명사,2,0,0,0
출석,http://220.69.171.28:8080/Symbol/Symbol/n3_hag_gyo_/n2_hag_gyo_dae_hwa_/cul_seog_.png,학교,명사,0,0,0,0
칭찬받았어요,http://220.69.171.28:8080/Symbol/Symbol/n3_hag_gyo_/n2_hag_gyo_dae_hwa_/cing_can_bad_ass_eo_yo_.png,학교,동사,0,0,0,0
특별활동,http://220.69.171.28:8080/Symbol/Symbol/n3_hag_gyo_/n2_hag_gyo_dae_hwa_/teug_byeol_hwal_dong_.png,학교,명사,1,0,0,0
필통,http://220.69.171.28:8080/Symbol/Symbol/n3_hag_gyo_/n2_hag_gyo_dae_hwa_/pil_tong_.png,학교,명사,2,0,0,0
필통,http://220.69.171.28:8080/Symbol/Symbol/n3_hag_gyo_/n2_hag_gyo_dae_hwa_/pil_tong_201_.png,학교,명사,2,0,0,0
학급도우미선생님,http://220.69.171.28:8080/Symbol/Symbol/n3_hag_gyo_/n2_hag_gyo_dae_hwa_/hag_geub_do_u_mi_seon_saeng_nim_.png,학교,명사,2,0,0,0
학생증,http://220.69.171.28:8080/Symbol/Symbol/n3_hag_gyo_/n2_hag_gyo_dae_hwa_/hag_saeng_jeung_201_.png,학교,명사,2,0,0,0
학생증1,http://220.69.171.28:8080/Symbol/Symbol/n3_hag_gyo_/n2_hag_gyo_dae_hwa_/hag_saeng_jeung_1.png,학교,명사,2,0,0,0
행정실,http://220.69.171.28:8080/Symbol/Symbol/n3_hag_gyo_/n2_hag_gyo_dae_hwa_/haeng_jeong_sil_2.png,학교,명사,2,0,0,0
현장학습,http://220.69.171.28:8080/Symbol/Symbol/n3_hag_gyo_/n2_hag_gyo_dae_hwa_/hyeon_jang_hag_seub_001_.png,학교,명사,1,0,0,0
현장학습,http://220.69.171.28:8080/Symbol/Symbol/n3_hag_gyo_/n2_hag_gyo_dae_hwa_/hyeon_jang_hag_seub_002_.png,학교,명사,1,0,0,0
현장학습,http://220.69.171.28:8080/Symbol/Symbol/n3_hag_gyo_/n2_hag_gyo_dae_hwa_/hyeon_jang_hag_seub_003_.png,학교,명사,1,0,0,0
혼났어요,http://220.69.171.28:8080/Symbol/Symbol/n3_hag_gyo_/n2_hag_gyo_dae_hwa_/hon_nass_eo_yo_.png,학교,동사,0,에게,0,0
혼자할수있어요,http://220.69.171.28:8080/Symbol/Symbol/n3_hag_gyo_/n2_hag_gyo_dae_hwa_/hon_ja_hal_su_iss_eo_yo_.png,학교,동사,0,0,0,0
회장,http://220.69.171.28:8080/Symbol/Symbol/n3_hag_gyo_/n2_hag_gyo_dae_hwa_/hoe_jang_001_.png,학교,명사,2,0,0,0
회장,http://220.69.171.28:8080/Symbol/Symbol/n3_hag_gyo_/n2_hag_gyo_dae_hwa_/hoe_jang_002_.png,학교,명사,2,0,0,0
급식판,http://220.69.171.28:8080/Symbol/Symbol/n3_hag_gyo_/n3_jeom_sim_si_gan_/geub_sig_pan_.png,학교,명사,2,0,0,0
닦을래요,http://220.69.171.28:8080/Symbol/Symbol/n3_hag_gyo_/n3_jeom_sim_si_gan_/dagg_eul_rae_yo_.png,학교,동사,0,을,0,0
도시락,http://220.69.171.28:8080/Symbol/Symbol/n3_hag_gyo_/n3_jeom_sim_si_gan_/do_si_rag_.png,학교,명사,2,0,0,0
도시락,http://220.69.171.28:8080/Symbol/Symbol/n3_hag_gyo_/n3_jeom_sim_si_gan_/do_si_rag_202_.png,학교,명사,2,0,0,0
된장국,http://220.69.171.28:8080/Symbol/Symbol/n3_hag_gyo_/n3_jeom_sim_si_gan_/doen_jang_gug_.png,학교,명사,2,0,0,0
떨어졌어요,http://220.69.171.28:8080/Symbol/Symbol/n3_hag_gyo_/n3_jeom_sim_si_gan_/ddeol_eo_jyeoss_eo_yo_.png,학교,동사,0,이,0,0
무김치,http://220.69.171.28:8080/Symbol/Symbol/n3_hag_gyo_/n3_jeom_sim_si_gan_/mu_gim_ci_.png,학교,명사,2,0,0,0
배추김치,http://220.69.171.28:8080/Symbol/Symbol/n3_hag_gyo_/n3_jeom_sim_si_gan_/bae_cu_gim_ci_.png,학교,명사,2,0,0,0
부대찌개,http://220.69.171.28:8080/Symbol/Symbol/n3_hag_gyo_/n3_jeom_sim_si_gan_/bu_dae_jji_gae_.png,학교,명사,2,0,0,0
부족해요,http://220.69.171.28:8080/Symbol/Symbol/n3_hag_gyo_/n3_jeom_sim_si_gan_/bu_jog_hae_yo_2.png,학교,동사,0,이,0,0
사래들렸어요,http://220.69.171.28:8080/Symbol/Symbol/n3_hag_gyo_/n3_jeom_sim_si_gan_/sa_rae_deul_ryeoss_eo_yo_001_.png,학교,동사,0,0,0,0
사래들렸어요,http://220.69.171.28:8080/Symbol/Symbol/n3_hag_gyo_/n3_jeom_sim_si_gan_/sa_rae_deul_ryeoss_eo_yo_002_.png,학교,동사,0,0,0,0
샐러드,http://220.69.171.28:8080/Symbol/Symbol/n3_hag_gyo_/n3_jeom_sim_si_gan_/sael_reo_deu_.png,학교,명사,2,0,0,0
소시지야채볶음,http://220.69.171.28:8080/Symbol/Symbol/n3_hag_gyo_/n3_jeom_sim_si_gan_/so_si_ji_ya_cae_bogg_eum_.png,학교,명사,2,0,0,0
손,http://220.69.171.28:8080/Symbol/Symbol/n3_hag_gyo_/n3_jeom_sim_si_gan_/son_001_.png,학교,명사,2,0,0,0
손,http://220.69.171.28:8080/Symbol/Symbol/n3_hag_gyo_/n3_jeom_sim_si_gan_/son_002_.png,학교,명사,2,0,0,0
숟가락,http://220.69.171.28:8080/Symbol/Symbol/n3_hag_gyo_/n3_jeom_sim_si_gan_/sud_ga_rag_.png,학교,명사,2,0,0,0
숟가락,http://220.69.171.28:8080/Symbol/Symbol/n3_hag_gyo_/n3_jeom_sim_si_gan_/sud_ga_rag_201_.png,학교,명사,2,0,0,0
아주머니,http://220.69.171.28:8080/Symbol/Symbol/n3_hag_gyo_/n3_jeom_sim_si_gan_/a_ju_meo_ni_001_.png,학교,명사,2,0,0,0
아주머니,http://220.69.171.28:8080/Symbol/Symbol/n3_hag_gyo_/n3_jeom_sim_si_gan_/a_ju_meo_ni_002_.png,학교,명사,2,0,0,0
어제뭐했어,http://220.69.171.28:8080/Symbol/Symbol/n3_hag_gyo_/n3_jeom_sim_si_gan_/eo_je_mweo_haess_eo_.png,학교,동사,0,0,0,0
없어요,http://220.69.171.28:8080/Symbol/Symbol/n3_hag_gyo_/n3_jeom_sim_si_gan_/eobs_eo_yo_.png,학교,동사,0,이,0,0
우거지국,http://220.69.171.28:8080/Symbol/Symbol/n3_hag_gyo_/n3_jeom_sim_si_gan_/u_geo_ji_gug_.png,학교,명사,2,0,0,0
입,http://220.69.171.28:8080/Symbol/Symbol/n3_hag_gyo_/n3_jeom_sim_si_gan_/ib_.png,학교,명사,2,0,0,0
자장,http://220.69.171.28:8080/Symbol/Symbol/n3_hag_gyo_/n3_jeom_sim_si_gan_/ja_jang_.png,학교,명사,2,0,0,0
자장밥,http://220.69.171.28:8080/Symbol/Symbol/n3_hag_gyo_/n3_jeom_sim_si_gan_/ja_jang_bab_.png,학교,명사,2,0,0,0
적어요,http://220.69.171.28:8080/Symbol/Symbol/n3_hag_gyo_/n3_jeom_sim_si_gan_/jeog_eo_yo_001_.png,학교,동사,0,이,0,0
적어요,http://220.69.171.28:8080/Symbol/Symbol/n3_hag_gyo_/n3_jeom_sim_si_gan_/jeog_eo_yo_002_.png,학교,동사,0,이,0,0
적어요,http://220.69.171.28:8080/Symbol/Symbol/n3_hag_gyo_/n3_jeom_sim_si_gan_/jeog_eo_yo_201_.png,학교,동사,0,이,0,0
카레,http://220.69.171.28:8080/Symbol/Symbol/n3_hag_gyo_/n3_jeom_sim_si_gan_/ka_re_.png,학교,명사,2,0,0,0
카레밥,http://220.69.171.28:8080/Symbol/Symbol/n3_hag_gyo_/n3_jeom_sim_si_gan_/ka_re_bab_.png,학교,명사,2,0,0,0
혀깨물었어요,http://220.69.171.28:8080/Symbol/Symbol/n3_hag_gyo_/n3_jeom_sim_si_gan_/hyeo_ggae_mul_eoss_eo_yo_.png,학교,동사,0,0,0,0
휴지,http://220.69.171.28:8080/Symbol/Symbol/n3_hag_gyo_/n3_jeom_sim_si_gan_/hyu_ji_.png,학교,명사,2,0,0,0
결석했어요,http://220.69.171.28:8080/Symbol/Symbol/n3_hag_gyo_/n4_su_eob_gong_tong_/gyeol_seog_haess_eo_yo_.png,학교,동사,0,0,0,0
계산기,http://220.69.171.28:8080/Symbol/Symbol/n3_hag_gyo_/n4_su_eob_gong_tong_/gye_san_gi_1.png,학교,명사,2,0,0,0
공책,http://220.69.171.28:8080/Symbol/Symbol/n3_hag_gyo_/n4_su_eob_gong_tong_/gong_caeg_001_.png,학교,명사,2,0,0,0
공책,http://220.69.171.28:8080/Symbol/Symbol/n3_hag_gyo_/n4_su_eob_gong_tong_/gong_caeg_002_.png,학교,명사,2,0,0,0
과목,http://220.69.171.28:8080/Symbol/Symbol/n3_hag_gyo_/n4_su_eob_gong_tong_/gwa_mog_.png,학교,명사,1,0,0,0
교과서,http://220.69.171.28:8080/Symbol/Symbol/n3_hag_gyo_/n4_su_eob_gong_tong_/gyo_gwa_seo_001_.png,학교,명사,2,0,0,0
교과서,http://220.69.171.28:8080/Symbol/Symbol/n3_hag_gyo_/n4_su_eob_gong_tong_/gyo_gwa_seo_002_.png,학교,명사,2,0,0,0
교복,http://220.69.171.28:8080/Symbol/Symbol/n3_hag_gyo_/n4_su_eob_gong_tong_/gyo_bog_001_.png,학교,명사,2,0,0,0
교복,http://220.69.171.28:8080/Symbol/Symbol/n3_hag_gyo_/n4_su_eob_gong_tong_/gyo_bog_002_.png,학교,명사,2,0,0,0
그룹,http://220.69.171.28:8080/Symbol/Symbol/n3_hag_gyo_/n4_su_eob_gong_tong_/geu_rub_201_.png,학교,명사,1,0,0,0
기말고사,http://220.69.171.28:8080/Symbol/Symbol/n3_hag_gyo_/n4_su_eob_gong_tong_/gi_mal_go_sa_001_.png,학교,명사,1,0,0,0
기말고사,http://220.69.171.28:8080/Symbol/Symbol/n3_hag_gyo_/n4_su_eob_gong_tong_/gi_mal_go_sa_002_.png,학교,명사,1,0,0,0
다풀어주세요,http://220.69.171.28:8080/Symbol/Symbol/n3_hag_gyo_/n4_su_eob_gong_tong_/da_pul_eo_ju_se_yo_.png,학교,동사,0,0,0,0
더설명해주세요,http://220.69.171.28:8080/Symbol/Symbol/n3_hag_gyo_/n4_su_eob_gong_tong_/deo_seol_myeong_hae_ju_se_yo_.png,학교,동사,0,0,0,0
데려다주세요,http://220.69.171.28:8080/Symbol/Symbol/n3_hag_gyo_/n4_su_eob_gong_tong_/de_ryeo_da_ju_se_yo_.png,학교,동사,0,에,0,0
말이빨라요,http://220.69.171.28:8080/Symbol/Symbol/n3_hag_gyo_/n4_su_eob_gong_tong_/mal_i_bbal_ra_yo_.png,학교,동사,0,0,0,0
문제,http://220.69.171.28:8080/Symbol/Symbol/n3_hag_gyo_/n4_su_eob_gong_tong_/mun_je_.png,학교,명사,1,0,0,0
문제-풀어요,http://220.69.171.28:8080/Symbol/Symbol/n3_hag_gyo_/n4_su_eob_gong_tong_/mun_je_pul_eo_yo_002_.png,학교,동사,0,0,0,0
문제풀어요,http://220.69.171.28:8080/Symbol/Symbol/n3_hag_gyo_/n4_su_eob_gong_tong_/mun_je_pul_eo_yo_001_.png,학교,동사,0,0,0,0
발표해요,http://220.69.171.28:8080/Symbol/Symbol/n3_hag_gyo_/n4_su_eob_gong_tong_/bal_pyo_hae_yo_001_.png,학교,동사,0,0,0,0
발표해요,http://220.69.171.28:8080/Symbol/Symbol/n3_hag_gyo_/n4_su_eob_gong_tong_/bal_pyo_hae_yo_002_.png,학교,동사,0,0,0,0
보건실,http://220.69.171.28:8080/Symbol/Symbol/n3_hag_gyo_/n4_su_eob_gong_tong_/bo_geon_sil_.png,학교,명사,2,0,0,0
보건실,http://220.69.171.28:8080/Symbol/Symbol/n3_hag_gyo_/n4_su_eob_gong_tong_/bo_geon_sil_201_.png,학교,명사,2,0,0,0
보여주세요,http://220.69.171.28:8080/Symbol/Symbol/n3_hag_gyo_/n4_su_eob_gong_tong_/bo_yeo_ju_se_yo_2.png,학교,동사,0,을,0,0
분필,http://220.69.171.28:8080/Symbol/Symbol/n3_hag_gyo_/n4_su_eob_gong_tong_/bun_pil_.png,학교,명사,2,0,0,0
빌려줄까,http://220.69.171.28:8080/Symbol/Symbol/n3_hag_gyo_/n4_su_eob_gong_tong_/bil_ryeo_jul_gga_.png,학교,동사,0,을,0,0
빌려줄래,http://220.69.171.28:8080/Symbol/Symbol/n3_hag_gyo_/n4_su_eob_gong_tong_/bil_ryeo_jul_rae_.png,학교,동사,0,을,0,0
색연필,http://220.69.171.28:8080/Symbol/Symbol/n3_hag_gyo_/n4_su_eob_gong_tong_/saeg_yeon_pil_.png,학교,명사,2,0,0,0
서명,http://220.69.171.28:8080/Symbol/Symbol/n3_hag_gyo_/n4_su_eob_gong_tong_/seo_myeong_.png,학교,명사,1,0,0,0
소리,http://220.69.171.28:8080/Symbol/Symbol/n3_hag_gyo_/n4_su_eob_gong_tong_/so_ri_.png,학교,명사,1,0,0,0
수학능력시험,http://220.69.171.28:8080/Symbol/Symbol/n3_hag_gyo_/n4_su_eob_gong_tong_/su_hag_neung_ryeog_si_heom_001_.png,학교,명사,0,0,0,0
수학능력시험,http://220.69.171.28:8080/Symbol/Symbol/n3_hag_gyo_/n4_su_eob_gong_tong_/su_hag_neung_ryeog_si_heom_002_.png,학교,명사,0,0,0,0
숙제,http://220.69.171.28:8080/Symbol/Symbol/n3_hag_gyo_/n4_su_eob_gong_tong_/sug_je_001_.png,학교,명사,1,0,0,0
숙제,http://220.69.171.28:8080/Symbol/Symbol/n3_hag_gyo_/n4_su_eob_gong_tong_/sug_je_002_.png,학교,명사,1,0,0,0
숙제,http://220.69.171.28:8080/Symbol/Symbol/n3_hag_gyo_/n4_su_eob_gong_tong_/sug_je_003_.png,학교,명사,1,0,0,0
숙제,http://220.69.171.28:8080/Symbol/Symbol/n3_hag_gyo_/n4_su_eob_gong_tong_/sug_je_201_.png,학교,명사,1,0,0,0
시험,http://220.69.171.28:8080/Symbol/Symbol/n3_hag_gyo_/n4_su_eob_gong_tong_/si_heom_001_.png,학교,명사,1,0,0,0
시험,http://220.69.171.28:8080/Symbol/Symbol/n3_hag_gyo_/n4_su_eob_gong_tong_/si_heom_002_.png,학교,명사,1,0,0,0
써요,http://220.69.171.28:8080/Symbol/Symbol/n3_hag_gyo_/n4_su_eob_gong_tong_/sseo_yo_001_1.png,학교,동사,0,에,0,0
안가져왔어요,http://220.69.171.28:8080/Symbol/Symbol/n3_hag_gyo_/n4_su_eob_gong_tong_/an_ga_jyeo_wass_eo_yo_001_.png,학교,동사,0,을,0,0
안가져왔어요,http://220.69.171.28:8080/Symbol/Symbol/n3_hag_gyo_/n4_su_eob_gong_tong_/an_ga_jyeo_wass_eo_yo_002_.png,학교,동사,0,을,0,0
안가져왔어요,http://220.69.171.28:8080/Symbol/Symbol/n3_hag_gyo_/n4_su_eob_gong_tong_/an_ga_jyeo_wass_eo_yo_201_.png,학교,동사,0,을,0,0
연필,http://220.69.171.28:8080/Symbol/Symbol/n3_hag_gyo_/n4_su_eob_gong_tong_/yeon_pil_001_.png,학교,명사,2,0,0,0
연필,http://220.69.171.28:8080/Symbol/Symbol/n3_hag_gyo_/n4_su_eob_gong_tong_/yeon_pil_002_.png,학교,명사,2,0,0,0
연필,http://220.69.171.28:8080/Symbol/Symbol/n3_hag_gyo_/n4_su_eob_gong_tong_/yeon_pil_201_.png,학교,명사,2,0,0,0
연필과지우개,http://220.69.171.28:8080/Symbol/Symbol/n3_hag_gyo_/n4_su_eob_gong_tong_/yeon_pil_gwa_ji_u_gae_.png,학교,명사,2,0,0,0
연필꽂이,http://220.69.171.28:8080/Symbol/Symbol/n3_hag_gyo_/n4_su_eob_gong_tong_/yeon_pil_ggoj_i_201_.png,학교,명사,2,0,0,0
오디오북,http://220.69.171.28:8080/Symbol/Symbol/n3_hag_gyo_/n4_su_eob_gong_tong_/o_di_o_bug_.png,학교,명사,2,0,0,0
이름표,http://220.69.171.28:8080/Symbol/Symbol/n3_hag_gyo_/n4_su_eob_gong_tong_/i_reum_pyo_001_.png,학교,명사,2,0,0,0
이름표,http://220.69.171.28:8080/Symbol/Symbol/n3_hag_gyo_/n4_su_eob_gong_tong_/i_reum_pyo_002_.png,학교,명사,2,0,0,0
이름표,http://220.69.171.28:8080/Symbol/Symbol/n3_hag_gyo_/n4_su_eob_gong_tong_/i_reum_pyo_003_.png,학교,명사,2,0,0,0
이름표,http://220.69.171.28:8080/Symbol/Symbol/n3_hag_gyo_/n4_su_eob_gong_tong_/i_reum_pyo_201_.png,학교,명사,2,0,0,0
이상해요,http://220.69.171.28:8080/Symbol/Symbol/n3_hag_gyo_/n4_su_eob_gong_tong_/i_sang_hae_yo_001_.png,학교,동사,0,이,0,0
이상해요,http://220.69.171.28:8080/Symbol/Symbol/n3_hag_gyo_/n4_su_eob_gong_tong_/i_sang_hae_yo_002_.png,학교,동사,0,이,0,0
이해-못했어요,http://220.69.171.28:8080/Symbol/Symbol/n3_hag_gyo_/n4_su_eob_gong_tong_/i_hae_mos_haess_eo_yo_002_.png,학교,동사,0,을,0,0
이해못했어요,http://220.69.171.28:8080/Symbol/Symbol/n3_hag_gyo_/n4_su_eob_gong_tong_/i_hae_mos_haess_eo_yo_001_.png,학교,동사,0,을,0,0
정답이에요,http://220.69.171.28:8080/Symbol/Symbol/n3_hag_gyo_/n4_su_eob_gong_tong_/jeong_dab_i_e_yo_002_.png,학교,동사,0,0,0,0
정답이예요,http://220.69.171.28:8080/Symbol/Symbol/n3_hag_gyo_/n4_su_eob_gong_tong_/jeong_dab_i_ye_yo_001_.png,학교,동사,0,0,0,0
조(모둠),http://220.69.171.28:8080/Symbol/Symbol/n3_hag_gyo_/n4_su_eob_gong_tong_/jo_mo_dum_001_.png,학교,명사,1,0,0,0
조(모둠),http://220.69.171.28:8080/Symbol/Symbol/n3_hag_gyo_/n4_su_eob_gong_tong_/jo_mo_dum_002_.png,학교,명사,1,0,0,0
졸업장,http://220.69.171.28:8080/Symbol/Symbol/n3_hag_gyo_/n4_su_eob_gong_tong_/jol_eob_jang_.png,학교,명사,2,0,0,0
준비물,http://220.69.171.28:8080/Symbol/Symbol/n3_hag_gyo_/n4_su_eob_gong_tong_/jun_bi_mul_.png,학교,명사,1,0,0,0
준비물,http://220.69.171.28:8080/Symbol/Symbol/n3_hag_gyo_/n4_su_eob_gong_tong_/jun_bi_mul_201_.png,학교,명사,1,0,0,0
중간고사,http://220.69.171.28:8080/Symbol/Symbol/n3_hag_gyo_/n4_su_eob_gong_tong_/jung_gan_go_sa_001_.png,학교,명사,1,0,0,0
중간고사,http://220.69.171.28:8080/Symbol/Symbol/n3_hag_gyo_/n4_su_eob_gong_tong_/jung_gan_go_sa_002_.png,학교,명사,1,0,0,0
지워주세요,http://220.69.171.28:8080/Symbol/Symbol/n3_hag_gyo_/n4_su_eob_gong_tong_/ji_weo_ju_se_yo_.png,학교,동사,0,을,0,0
쪽,http://220.69.171.28:8080/Symbol/Symbol/n3_hag_gyo_/n4_su_eob_gong_tong_/jjog_001_.png,학교,명사,1,0,0,0
쪽,http://220.69.171.28:8080/Symbol/Symbol/n3_hag_gyo_/n4_su_eob_gong_tong_/jjog_002_.png,학교,명사,1,0,0,0
창문,http://220.69.171.28:8080/Symbol/Symbol/n3_hag_gyo_/n4_su_eob_gong_tong_/cang_mun_2.png,학교,명사,2,0,0,0
창문,http://220.69.171.28:8080/Symbol/Symbol/n3_hag_gyo_/n4_su_eob_gong_tong_/cang_mun_201_.png,학교,명사,2,0,0,0
책가방,http://220.69.171.28:8080/Symbol/Symbol/n3_hag_gyo_/n4_su_eob_gong_tong_/caeg_ga_bang_.png,학교,명사,2,0,0,0
칠판,http://220.69.171.28:8080/Symbol/Symbol/n3_hag_gyo_/n4_su_eob_gong_tong_/cil_pan_001_.png,학교,명사,2,0,0,0
칠판,http://220.69.171.28:8080/Symbol/Symbol/n3_hag_gyo_/n4_su_eob_gong_tong_/cil_pan_002_.png,학교,명사,2,0,0,0
칠판,http://220.69.171.28:8080/Symbol/Symbol/n3_hag_gyo_/n4_su_eob_gong_tong_/cil_pan_003_.png,학교,명사,2,0,0,0
칠판지우개,http://220.69.171.28:8080/Symbol/Symbol/n3_hag_gyo_/n4_su_eob_gong_tong_/cil_pan_ji_u_gae_.png,학교,명사,2,0,0,0
틀려요,http://220.69.171.28:8080/Symbol/Symbol/n3_hag_gyo_/n4_su_eob_gong_tong_/teul_ryeo_yo_201_.png,학교,동사,0,이,0,0
틀렸어요,http://220.69.171.28:8080/Symbol/Symbol/n3_hag_gyo_/n4_su_eob_gong_tong_/teul_ryeoss_eo_yo_.png,학교,동사,0,이,0,0
공개수업,http://220.69.171.28:8080/Symbol/Symbol/n3_hag_gyo_/n5_hag_gyo_haeng_sa_/gong_gae_su_eob_.png,학교,명사,1,0,0,0
독서논술대회,http://220.69.171.28:8080/Symbol/Symbol/n3_hag_gyo_/n5_hag_gyo_haeng_sa_/dog_seo_non_sul_dae_hoe_.png,학교,명사,1,0,0,0
방과후수업,http://220.69.171.28:8080/Symbol/Symbol/n3_hag_gyo_/n5_hag_gyo_haeng_sa_/bang_gwa_hu_su_eob_.png,학교,명사,1,0,0,0
소풍,http://220.69.171.28:8080/Symbol/Symbol/n3_hag_gyo_/n5_hag_gyo_haeng_sa_/so_pung_002_2.png,학교,명사,1,0,0,0
소풍,http://220.69.171.28:8080/Symbol/Symbol/n3_hag_gyo_/n5_hag_gyo_haeng_sa_/so_pung_003_.png,학교,명사,1,0,0,0
수련회,http://220.69.171.28:8080/Symbol/Symbol/n3_hag_gyo_/n5_hag_gyo_haeng_sa_/su_ryeon_hoe_2.png,학교,명사,1,0,0,0
수학경시대회,http://220.69.171.28:8080/Symbol/Symbol/n3_hag_gyo_/n5_hag_gyo_haeng_sa_/su_hag_gyeong_si_dae_hoe_.png,학교,명사,1,0,0,0
수학여행,http://220.69.171.28:8080/Symbol/Symbol/n3_hag_gyo_/n5_hag_gyo_haeng_sa_/su_hag_yeo_haeng_001_.png,학교,명사,1,0,0,0
수학여행,http://220.69.171.28:8080/Symbol/Symbol/n3_hag_gyo_/n5_hag_gyo_haeng_sa_/su_hag_yeo_haeng_002_.png,학교,명사,1,0,0,0
신체검사,http://220.69.171.28:8080/Symbol/Symbol/n3_hag_gyo_/n5_hag_gyo_haeng_sa_/sin_ce_geom_sa_.png,학교,명사,1,0,0,0
입학식,http://220.69.171.28:8080/Symbol/Symbol/n3_hag_gyo_/n5_hag_gyo_haeng_sa_/ib_hag_sig_.png,학교,명사,1,0,0,0
재량휴업일,http://220.69.171.28:8080/Symbol/Symbol/n3_hag_gyo_/n5_hag_gyo_haeng_sa_/jae_ryang_hyu_eob_il_.png,학교,명사,1,0,0,0
졸업식,http://220.69.171.28:8080/Symbol/Symbol/n3_hag_gyo_/n5_hag_gyo_haeng_sa_/jol_eob_sig_.png,학교,명사,1,0,0,0
종업식,http://220.69.171.28:8080/Symbol/Symbol/n3_hag_gyo_/n5_hag_gyo_haeng_sa_/jong_eob_sig_.png,학교,명사,1,0,0,0
체험학습,http://220.69.171.28:8080/Symbol/Symbol/n3_hag_gyo_/n5_hag_gyo_haeng_sa_/ce_heom_hag_seub_.png,학교,명사,1,0,0,0
학부모상담,http://220.69.171.28:8080/Symbol/Symbol/n3_hag_gyo_/n5_hag_gyo_haeng_sa_/hag_bu_mo_sang_dam_.png,학교,명사,1,0,0,0
학업성취도평가,http://220.69.171.28:8080/Symbol/Symbol/n3_hag_gyo_/n5_hag_gyo_haeng_sa_/hag_eob_seong_cwi_do_pyeong_ga_.png,학교,명사,1,0,0,0
학예회,http://220.69.171.28:8080/Symbol/Symbol/n3_hag_gyo_/n5_hag_gyo_haeng_sa_/hag_ye_hoe_.png,학교,명사,1,0,0,0
괄호,http://220.69.171.28:8080/Symbol/Symbol/n3_hag_gyo_/n6_gug_eo_/gwal_ho_.png,학교,명사,1,0,0,0
국어,http://220.69.171.28:8080/Symbol/Symbol/n3_hag_gyo_/n6_gug_eo_/gug_eo_2.png,학교,명사,1,0,0,0
국어,http://220.69.171.28:8080/Symbol/Symbol/n3_hag_gyo_/n6_gug_eo_/gug_eo_201_.png,학교,명사,1,0,0,0
단어,http://220.69.171.28:8080/Symbol/Symbol/n3_hag_gyo_/n6_gug_eo_/dan_eo_.png,학교,명사,1,0,0,0
동사,http://220.69.171.28:8080/Symbol/Symbol/n3_hag_gyo_/n6_gug_eo_/dong_sa_.png,학교,명사,1,0,0,0
맞춤법,http://220.69.171.28:8080/Symbol/Symbol/n3_hag_gyo_/n6_gug_eo_/maj_cum_beob_.png,학교,명사,1,0,0,0
문장,http://220.69.171.28:8080/Symbol/Symbol/n3_hag_gyo_/n6_gug_eo_/mun_jang_.png,학교,명사,1,0,0,0
문장,http://220.69.171.28:8080/Symbol/Symbol/n3_hag_gyo_/n6_gug_eo_/mun_jang_.png,학교,명사,1,0,0,0
1차방정식,http://220.69.171.28:8080/Symbol/Symbol/n3_hag_gyo_/n7_su_hag_/n1_ca_bang_jeong_sig_.png,학교,명사,1,0,0,0
1차함수,http://220.69.171.28:8080/Symbol/Symbol/n3_hag_gyo_/n7_su_hag_/n1_ca_ham_su_.png,학교,명사,1,0,0,0
2차함수,http://220.69.171.28:8080/Symbol/Symbol/n3_hag_gyo_/n7_su_hag_/n2_ca_ham_su_.png,학교,명사,1,0,0,0
3차함수,http://220.69.171.28:8080/Symbol/Symbol/n3_hag_gyo_/n7_su_hag_/n3_ca_ham_su_.png,학교,명사,1,0,0,0
각도,http://220.69.171.28:8080/Symbol/Symbol/n3_hag_gyo_/n7_su_hag_/gag_do_.png,학교,명사,2,0,0,0
각도기,http://220.69.171.28:8080/Symbol/Symbol/n3_hag_gyo_/n7_su_hag_/gag_do_gi_.png,학교,명사,2,0,0,0
같다,http://220.69.171.28:8080/Symbol/Symbol/n3_hag_gyo_/n7_su_hag_/gat_da_.png,학교,동사,0,이,0,0
거리,http://220.69.171.28:8080/Symbol/Symbol/n3_hag_gyo_/n7_su_hag_/geo_ri_001_.png,학교,명사,1,0,0,0
고차방정식,http://220.69.171.28:8080/Symbol/Symbol/n3_hag_gyo_/n7_su_hag_/go_ca_bang_jeong_sig_.png,학교,명사,1,0,0,0
곱셈정리,http://220.69.171.28:8080/Symbol/Symbol/n3_hag_gyo_/n7_su_hag_/gob_sem_jeong_ri_.png,학교,명사,1,0,0,0
곱하기,http://220.69.171.28:8080/Symbol/Symbol/n3_hag_gyo_/n7_su_hag_/gob_ha_gi_.png,학교,명사,1,0,0,0
공집합,http://220.69.171.28:8080/Symbol/Symbol/n3_hag_gyo_/n7_su_hag_/gong_jib_hab_.png,학교,명사,1,0,0,0
교집합,http://220.69.171.28:8080/Symbol/Symbol/n3_hag_gyo_/n7_su_hag_/gyo_jib_hab_.png,학교,명사,1,0,0,0
구구단,http://220.69.171.28:8080/Symbol/Symbol/n3_hag_gyo_/n7_su_hag_/gu_gu_dan_.png,학교,명사,1,0,0,0
그램,http://220.69.171.28:8080/Symbol/Symbol/n3_hag_gyo_/n7_su_hag_/geu_raem_.png,학교,명사,1,0,0,0
길이,http://220.69.171.28:8080/Symbol/Symbol/n3_hag_gyo_/n7_su_hag_/gil_i_.png,학교,명사,1,0,0,0
나누기,http://220.69.171.28:8080/Symbol/Symbol/n3_hag_gyo_/n7_su_hag_/na_nu_gi_.png,학교,명사,1,0,0,0
넓이,http://220.69.171.28:8080/Symbol/Symbol/n3_hag_gyo_/n7_su_hag_/neolb_i_.png,학교,명사,1,0,0,0
네모,http://220.69.171.28:8080/Symbol/Symbol/n3_hag_gyo_/n7_su_hag_/ne_mo_201_.png,학교,명사,1,0,0,0
높이,http://220.69.171.28:8080/Symbol/Symbol/n3_hag_gyo_/n7_su_hag_/nop_i_.png,학교,명사,1,0,0,0
답,http://220.69.171.28:8080/Symbol/Symbol/n3_hag_gyo_/n7_su_hag_/dab_.png,학교,명사,1,0,0,0
더-작아요,http://220.69.171.28:8080/Symbol/Symbol/n3_hag_gyo_/n7_su_hag_/deo_jag_a_yo_001_.png,학교,동사,0,이,0,0
더-작아요,http://220.69.171.28:8080/Symbol/Symbol/n3_hag_gyo_/n7_su_hag_/deo_jag_a_yo_002_.png,학교,동사,0,이,0,0
더-커요,http://220.69.171.28:8080/Symbol/Symbol/n3_hag_gyo_/n7_su_hag_/deo_keo_yo_001_.png,학교,동사,0,이,0,0
더커요,http://220.69.171.28:8080/Symbol/Symbol/n3_hag_gyo_/n7_su_hag_/deo_keo_yo_002_.png,학교,동사,0,이,0,0
더하기,http://220.69.171.28:8080/Symbol/Symbol/n3_hag_gyo_/n7_su_hag_/deo_ha_gi_.png,학교,명사,1,0,0,0
더하기,http://220.69.171.28:8080/Symbol/Symbol/n3_hag_gyo_/n7_su_hag_/deo_ha_gi_201_.png,학교,명사,1,0,0,0
도형,http://220.69.171.28:8080/Symbol/Symbol/n3_hag_gyo_/n7_su_hag_/do_hyeong_.png,학교,명사,1,0,0,0
둘,http://220.69.171.28:8080/Symbol/Symbol/n3_hag_gyo_/n7_su_hag_/dul_201_.png,학교,명사,1,0,0,0
둘레,http://220.69.171.28:8080/Symbol/Symbol/n3_hag_gyo_/n7_su_hag_/dul_re_.png,학교,명사,1,0,0,0
등변사다리꼴,http://220.69.171.28:8080/Symbol/Symbol/n3_hag_gyo_/n7_su_hag_/deung_byeon_sa_da_ri_ggol_.png,학교,명사,1,0,0,0
마름모,http://220.69.171.28:8080/Symbol/Symbol/n3_hag_gyo_/n7_su_hag_/ma_reum_mo_.png,학교,명사,1,0,0,0
면,http://220.69.171.28:8080/Symbol/Symbol/n3_hag_gyo_/n7_su_hag_/myeon_.png,학교,명사,1,0,0,0
몇개,http://220.69.171.28:8080/Symbol/Symbol/n3_hag_gyo_/n7_su_hag_/myeoc_gae_2.png,학교,명사,1,0,0,0
몇명,http://220.69.171.28:8080/Symbol/Symbol/n3_hag_gyo_/n7_su_hag_/myeoc_myeong_.png,학교,명사,1,0,0,0
모두,http://220.69.171.28:8080/Symbol/Symbol/n3_hag_gyo_/n7_su_hag_/mo_du_.png,학교,부사,0,0,0,0
모서리,http://220.69.171.28:8080/Symbol/Symbol/n3_hag_gyo_/n7_su_hag_/mo_seo_ri_.png,학교,명사,1,0,0,0
미터,http://220.69.171.28:8080/Symbol/Symbol/n3_hag_gyo_/n7_su_hag_/mi_teo_.png,학교,명사,1,0,0,0
밀리미터,http://220.69.171.28:8080/Symbol/Symbol/n3_hag_gyo_/n7_su_hag_/mil_ri_mi_teo_.png,학교,명사,1,0,0,0
반지름,http://220.69.171.28:8080/Symbol/Symbol/n3_hag_gyo_/n7_su_hag_/ban_ji_reum_001_.png,학교,명사,1,0,0,0
방정식,http://220.69.171.28:8080/Symbol/Symbol/n3_hag_gyo_/n7_su_hag_/bang_jeong_sig_.png,학교,명사,1,0,0,0
부분집합,http://220.69.171.28:8080/Symbol/Symbol/n3_hag_gyo_/n7_su_hag_/bu_bun_jib_hab_.png,학교,명사,1,0,0,0
부채꼴,http://220.69.171.28:8080/Symbol/Symbol/n3_hag_gyo_/n7_su_hag_/bu_cae_ggol_.png,학교,명사,1,0,0,0
부피,http://220.69.171.28:8080/Symbol/Symbol/n3_hag_gyo_/n7_su_hag_/bu_pi_.png,학교,명사,1,0,0,0
분류하다,http://220.69.171.28:8080/Symbol/Symbol/n3_hag_gyo_/n7_su_hag_/bun_ryu_ha_da_.png,학교,명사,0,을,0,0
분류하다,http://220.69.171.28:8080/Symbol/Symbol/n3_hag_gyo_/n7_su_hag_/bun_ryu_ha_da_201_.png,학교,명사,0,을,0,0
분수,http://220.69.171.28:8080/Symbol/Symbol/n3_hag_gyo_/n7_su_hag_/bun_su_.png,학교,명사,1,0,0,0
빼기,http://220.69.171.28:8080/Symbol/Symbol/n3_hag_gyo_/n7_su_hag_/bbae_gi_.png,학교,명사,1,0,0,0
빼기,http://220.69.171.28:8080/Symbol/Symbol/n3_hag_gyo_/n7_su_hag_/bbae_gi_201_.png,학교,명사,1,0,0,0
사각형,http://220.69.171.28:8080/Symbol/Symbol/n3_hag_gyo_/n7_su_hag_/sa_gag_hyeong_.png,학교,명사,1,0,0,0
사다리꼴,http://220.69.171.28:8080/Symbol/Symbol/n3_hag_gyo_/n7_su_hag_/sa_da_ri_ggol_.png,학교,명사,1,0,0,0
사인,http://220.69.171.28:8080/Symbol/Symbol/n3_hag_gyo_/n7_su_hag_/sa_in_.png,학교,명사,1,0,0,0
삼각뿔,http://220.69.171.28:8080/Symbol/Symbol/n3_hag_gyo_/n7_su_hag_/sam_gag_bbul_.png,학교,명사,1,0,0,0
삼각함수,http://220.69.171.28:8080/Symbol/Symbol/n3_hag_gyo_/n7_su_hag_/sam_gag_ham_su_.png,학교,명사,1,0,0,0
삼각형,http://220.69.171.28:8080/Symbol/Symbol/n3_hag_gyo_/n7_su_hag_/sam_gag_hyeong_.png,학교,명사,1,0,0,0
삼차함수,http://220.69.171.28:8080/Symbol/Symbol/n3_hag_gyo_/n7_su_hag_/sam_ca_ham_su_.png,학교,명사,1,0,0,0
선분,http://220.69.171.28:8080/Symbol/Symbol/n3_hag_gyo_/n7_su_hag_/seon_bun_.png,학교,명사,1,0,0,0
세모,http://220.69.171.28:8080/Symbol/Symbol/n3_hag_gyo_/n7_su_hag_/se_mo_201_.png,학교,명사,1,0,0,0
센티미터,http://220.69.171.28:8080/Symbol/Symbol/n3_hag_gyo_/n7_su_hag_/sen_ti_mi_teo_.png,학교,명사,1,0,0,0
수를세다,http://220.69.171.28:8080/Symbol/Symbol/n3_hag_gyo_/n7_su_hag_/su_reul_se_da_.png,학교,동사,0,0,0,0
수직선,http://220.69.171.28:8080/Symbol/Symbol/n3_hag_gyo_/n7_su_hag_/su_jig_seon_.png,학교,명사,1,0,0,0
수평선,http://220.69.171.28:8080/Symbol/Symbol/n3_hag_gyo_/n7_su_hag_/su_pyeong_seon_.png,학교,명사,1,0,0,0
숫자,http://220.69.171.28:8080/Symbol/Symbol/n3_hag_gyo_/n7_su_hag_/sus_ja_.png,학교,명사,1,0,0,0
오각형,http://220.69.171.28:8080/Symbol/Symbol/n3_hag_gyo_/n7_su_hag_/o_gag_hyeong_.png,학교,명사,1,0,0,0
원,http://220.69.171.28:8080/Symbol/Symbol/n3_hag_gyo_/n7_su_hag_/weon_1.png,학교,명사,1,0,0,0
원뿔,http://220.69.171.28:8080/Symbol/Symbol/n3_hag_gyo_/n7_su_hag_/weon_bbul_.png,학교,명사,1,0,0,0
육각형,http://220.69.171.28:8080/Symbol/Symbol/n3_hag_gyo_/n7_su_hag_/yug_gag_hyeong_.png,학교,명사,1,0,0,0
이차방정식,http://220.69.171.28:8080/Symbol/Symbol/n3_hag_gyo_/n7_su_hag_/i_ca_bang_jeong_sig_.png,학교,명사,1,0,0,0
이차함수,http://220.69.171.28:8080/Symbol/Symbol/n3_hag_gyo_/n7_su_hag_/i_ca_ham_su_.png,학교,명사,1,0,0,0
인수분해,http://220.69.171.28:8080/Symbol/Symbol/n3_hag_gyo_/n7_su_hag_/in_su_bun_hae_.png,학교,명사,1,0,0,0
일차방정식,http://220.69.171.28:8080/Symbol/Symbol/n3_hag_gyo_/n7_su_hag_/il_ca_bang_jeong_sig_.png,학교,명사,1,0,0,0
일차함수,http://220.69.171.28:8080/Symbol/Symbol/n3_hag_gyo_/n7_su_hag_/il_ca_ham_su_.png,학교,명사,1,0,0,0
입체도형,http://220.69.171.28:8080/Symbol/Symbol/n3_hag_gyo_/n7_su_hag_/ib_ce_do_hyeong_.png,학교,명사,1,0,0,0
정사각형,http://220.69.171.28:8080/Symbol/Symbol/n3_hag_gyo_/n7_su_hag_/jeong_sa_gag_hyeong_.png,학교,명사,1,0,0,0
정사면체,http://220.69.171.28:8080/Symbol/Symbol/n3_hag_gyo_/n7_su_hag_/jeong_sa_myeon_ce_.png,학교,명사,1,0,0,0
정삼각형,http://220.69.171.28:8080/Symbol/Symbol/n3_hag_gyo_/n7_su_hag_/jeong_sam_gag_hyeong_.png,학교,명사,1,0,0,0
정육면체,http://220.69.171.28:8080/Symbol/Symbol/n3_hag_gyo_/n7_su_hag_/jeong_yug_myeon_ce_.png,학교,명사,1,0,0,0
지름,http://220.69.171.28:8080/Symbol/Symbol/n3_hag_gyo_/n7_su_hag_/ji_reum_001_.png,학교,명사,1,0,0,0
직각삼각형,http://220.69.171.28:8080/Symbol/Symbol/n3_hag_gyo_/n7_su_hag_/jig_gag_sam_gag_hyeong_.png,학교,명사,1,0,0,0
직사각형,http://220.69.171.28:8080/Symbol/Symbol/n3_hag_gyo_/n7_su_hag_/jig_sa_gag_hyeong_.png,학교,명사,1,0,0,0
직선,http://220.69.171.28:8080/Symbol/Symbol/n3_hag_gyo_/n7_su_hag_/jig_seon_.png,학교,명사,1,0,0,0
직육면체,http://220.69.171.28:8080/Symbol/Symbol/n3_hag_gyo_/n7_su_hag_/jig_yug_myeon_ce_.png,학교,명사,1,0,0,0
집합,http://220.69.171.28:8080/Symbol/Symbol/n3_hag_gyo_/n7_su_hag_/jib_hab_.png,학교,명사,1,0,0,0
컴퍼스,http://220.69.171.28:8080/Symbol/Symbol/n3_hag_gyo_/n7_su_hag_/keom_peo_seu_.png,학교,명사,1,0,0,0
코사인,http://220.69.171.28:8080/Symbol/Symbol/n3_hag_gyo_/n7_su_hag_/ko_sa_in_.png,학교,명사,1,0,0,0
킬로그램,http://220.69.171.28:8080/Symbol/Symbol/n3_hag_gyo_/n7_su_hag_/kil_ro_geu_raem_.png,학교,명사,1,0,0,0
킬로미터,http://220.69.171.28:8080/Symbol/Symbol/n3_hag_gyo_/n7_su_hag_/kil_ro_mi_teo_.png,학교,명사,1,0,0,0
타원,http://220.69.171.28:8080/Symbol/Symbol/n3_hag_gyo_/n7_su_hag_/ta_weon_001_.png,학교,명사,1,0,0,0
탄젠트,http://220.69.171.28:8080/Symbol/Symbol/n3_hag_gyo_/n7_su_hag_/tan_jen_teu_.png,학교,명사,1,0,0,0
톤,http://220.69.171.28:8080/Symbol/Symbol/n3_hag_gyo_/n7_su_hag_/ton_.png,학교,명사,1,0,0,0
통계,http://220.69.171.28:8080/Symbol/Symbol/n3_hag_gyo_/n7_su_hag_/tong_gye_001_.png,학교,명사,1,0,0,0
팔각형,http://220.69.171.28:8080/Symbol/Symbol/n3_hag_gyo_/n7_su_hag_/pal_gag_hyeong_.png,학교,명사,1,0,0,0
평면,http://220.69.171.28:8080/Symbol/Symbol/n3_hag_gyo_/n7_su_hag_/pyeong_myeon_.png,학교,명사,1,0,0,0
평면도형,http://220.69.171.28:8080/Symbol/Symbol/n3_hag_gyo_/n7_su_hag_/pyeong_myeon_do_hyeong_.png,학교,명사,1,0,0,0
평행사변형,http://220.69.171.28:8080/Symbol/Symbol/n3_hag_gyo_/n7_su_hag_/pyeong_haeng_sa_byeon_hyeong_.png,학교,명사,1,0,0,0
하나,http://220.69.171.28:8080/Symbol/Symbol/n3_hag_gyo_/n7_su_hag_/ha_na_201_.png,학교,명사,1,0,0,0
함수,http://220.69.171.28:8080/Symbol/Symbol/n3_hag_gyo_/n7_su_hag_/ham_su_.png,학교,명사,1,0,0,0
합집합,http://220.69.171.28:8080/Symbol/Symbol/n3_hag_gyo_/n7_su_hag_/hab_jib_hab_.png,학교,명사,1,0,0,0
해,http://220.69.171.28:8080/Symbol/Symbol/n3_hag_gyo_/n7_su_hag_/hae_.png,학교,명사,1,0,0,0
N극,http://220.69.171.28:8080/Symbol/Symbol/n3_hag_gyo_/n8_gwa_hag_/znz_geug_.png,학교,명사,1,0,0,0
S극,http://220.69.171.28:8080/Symbol/Symbol/n3_hag_gyo_/n8_gwa_hag_/zsz_geug_.png,학교,명사,1,0,0,0
같아요,http://220.69.171.28:8080/Symbol/Symbol/n3_hag_gyo_/n8_gwa_hag_/gat_a_yo_001_.png,학교,동사,0,이,0,0
같아요,http://220.69.171.28:8080/Symbol/Symbol/n3_hag_gyo_/n8_gwa_hag_/gat_a_yo_002_.png,학교,동사,0,이,0,0
거름종이,http://220.69.171.28:8080/Symbol/Symbol/n3_hag_gyo_/n8_gwa_hag_/geo_reum_jong_i_.png,학교,명사,2,0,0,0
거미줄,http://220.69.171.28:8080/Symbol/Symbol/n3_hag_gyo_/n8_gwa_hag_/geo_mi_jul_2.png,학교,명사,2,0,0,0
경도,http://220.69.171.28:8080/Symbol/Symbol/n3_hag_gyo_/n8_gwa_hag_/gyeong_do_.png,학교,명사,1,0,0,0
고무,http://220.69.171.28:8080/Symbol/Symbol/n3_hag_gyo_/n8_gwa_hag_/go_mu_.png,학교,명사,2,0,0,0
고체,http://220.69.171.28:8080/Symbol/Symbol/n3_hag_gyo_/n8_gwa_hag_/go_ce_.png,학교,명사,1,0,0,0
과학,http://220.69.171.28:8080/Symbol/Symbol/n3_hag_gyo_/n8_gwa_hag_/gwa_hag_.png,학교,명사,1,0,0,0
과학상자,http://220.69.171.28:8080/Symbol/Symbol/n3_hag_gyo_/n8_gwa_hag_/gwa_hag_sang_ja_.png,학교,명사,2,0,0,0
과학실험,http://220.69.171.28:8080/Symbol/Symbol/n3_hag_gyo_/n8_gwa_hag_/gwa_hag_sil_heom_201_.png,학교,명사,1,0,0,0
관찰해요,http://220.69.171.28:8080/Symbol/Symbol/n3_hag_gyo_/n8_gwa_hag_/gwan_cal_hae_yo_.png,학교,동사,0,을,0,0
구부러져요,http://220.69.171.28:8080/Symbol/Symbol/n3_hag_gyo_/n8_gwa_hag_/gu_bu_reo_jyeo_yo_001_.png,학교,동사,0,이,0,0
구부러져요,http://220.69.171.28:8080/Symbol/Symbol/n3_hag_gyo_/n8_gwa_hag_/gu_bu_reo_jyeo_yo_002_.png,학교,동사,0,이,0,0
궤도,http://220.69.171.28:8080/Symbol/Symbol/n3_hag_gyo_/n8_gwa_hag_/gwe_do_.png,학교,명사,1,0,0,0
금성,http://220.69.171.28:8080/Symbol/Symbol/n3_hag_gyo_/n8_gwa_hag_/geum_seong_.png,학교,명사,2,0,0,0
기체,http://220.69.171.28:8080/Symbol/Symbol/n3_hag_gyo_/n8_gwa_hag_/gi_ce_.png,학교,명사,1,0,0,0
날씨,http://220.69.171.28:8080/Symbol/Symbol/n3_hag_gyo_/n8_gwa_hag_/nal_ssi_.png,학교,명사,1,0,0,0
단단해요,http://220.69.171.28:8080/Symbol/Symbol/n3_hag_gyo_/n8_gwa_hag_/dan_dan_hae_yo_001_.png,학교,동사,0,이,0,0
단단해요,http://220.69.171.28:8080/Symbol/Symbol/n3_hag_gyo_/n8_gwa_hag_/dan_dan_hae_yo_002_.png,학교,동사,0,이,0,0
단단해요,http://220.69.171.28:8080/Symbol/Symbol/n3_hag_gyo_/n8_gwa_hag_/dan_dan_hae_yo_003_.png,학교,동사,0,이,0,0
달,http://220.69.171.28:8080/Symbol/Symbol/n3_hag_gyo_/n8_gwa_hag_/dal_.png,학교,명사,2,0,0,0
달라요,http://220.69.171.28:8080/Symbol/Symbol/n3_hag_gyo_/n8_gwa_hag_/dal_ra_yo_001_.png,학교,동사,0,이,0,0
달라요,http://220.69.171.28:8080/Symbol/Symbol/n3_hag_gyo_/n8_gwa_hag_/dal_ra_yo_002_.png,학교,동사,0,이,0,0
당겨요,http://220.69.171.28:8080/Symbol/Symbol/n3_hag_gyo_/n8_gwa_hag_/dang_gyeo_yo_001_.png,학교,동사,0,을,0,0
당겨요,http://220.69.171.28:8080/Symbol/Symbol/n3_hag_gyo_/n8_gwa_hag_/dang_gyeo_yo_002_.png,학교,동사,0,을,0,0
도르래,http://220.69.171.28:8080/Symbol/Symbol/n3_hag_gyo_/n8_gwa_hag_/do_reu_rae_.png,학교,명사,2,0,0,0
독,http://220.69.171.28:8080/Symbol/Symbol/n3_hag_gyo_/n8_gwa_hag_/dog_.png,학교,명사,1,0,0,0
리트머스시험지,http://220.69.171.28:8080/Symbol/Symbol/n3_hag_gyo_/n8_gwa_hag_/ri_teu_meo_seu_si_heom_ji_.png,학교,명사,2,0,0,0
망원경,http://220.69.171.28:8080/Symbol/Symbol/n3_hag_gyo_/n8_gwa_hag_/mang_weon_gyeong_001_.png,학교,명사,2,0,0,0
망원경,http://220.69.171.28:8080/Symbol/Symbol/n3_hag_gyo_/n8_gwa_hag_/mang_weon_gyeong_002_.png,학교,명사,2,0,0,0
망원경,http://220.69.171.28:8080/Symbol/Symbol/n3_hag_gyo_/n8_gwa_hag_/mang_weon_gyeong_201_.png,학교,명사,2,0,0,0
명왕성,http://220.69.171.28:8080/Symbol/Symbol/n3_hag_gyo_/n8_gwa_hag_/myeong_wang_seong_.png,학교,명사,2,0,0,0
목성,http://220.69.171.28:8080/Symbol/Symbol/n3_hag_gyo_/n8_gwa_hag_/mog_seong_.png,학교,명사,2,0,0,0
무게,http://220.69.171.28:8080/Symbol/Symbol/n3_hag_gyo_/n8_gwa_hag_/mu_ge_.png,학교,명사,1,0,0,0
무게를재요,http://220.69.171.28:8080/Symbol/Symbol/n3_hag_gyo_/n8_gwa_hag_/mu_ge_reul_jae_yo_201_.png,학교,동사,0,의,0,0
물렁물렁해요,http://220.69.171.28:8080/Symbol/Symbol/n3_hag_gyo_/n8_gwa_hag_/mul_reong_mul_reong_hae_yo_001_.png,학교,동사,0,이,0,0
물렁물렁해요,http://220.69.171.28:8080/Symbol/Symbol/n3_hag_gyo_/n8_gwa_hag_/mul_reong_mul_reong_hae_yo_002_.png,학교,동사,0,이,0,0
밀어요,http://220.69.171.28:8080/Symbol/Symbol/n3_hag_gyo_/n8_gwa_hag_/mil_eo_yo_001_.png,학교,동사,0,을,0,0
밀어요,http://220.69.171.28:8080/Symbol/Symbol/n3_hag_gyo_/n8_gwa_hag_/mil_eo_yo_002_.png,학교,동사,0,을,0,0
반달,http://220.69.171.28:8080/Symbol/Symbol/sunnyk/halfmoon_sy.png,학교,명사,1,0,0,0
번개,http://220.69.171.28:8080/Symbol/Symbol/n3_hag_gyo_/n8_gwa_hag_/beon_gae_1.png,학교,명사,2,0,0,0
변하다,http://220.69.171.28:8080/Symbol/Symbol/n3_hag_gyo_/n8_gwa_hag_/byeon_ha_da_.png,학교,명사,0,0,0,0
별,http://220.69.171.28:8080/Symbol/Symbol/n3_hag_gyo_/n8_gwa_hag_/byeol_201_.png,학교,명사,2,0,0,0
별자리,http://220.69.171.28:8080/Symbol/Symbol/n3_hag_gyo_/n8_gwa_hag_/byeol_ja_ri_.png,학교,명사,1,0,0,0
보름달,http://220.69.171.28:8080/Symbol/Symbol/sunnyk/fullmoon_sy.png,학교,명사,2,0,0,0
북두칠성,http://220.69.171.28:8080/Symbol/Symbol/n3_hag_gyo_/n8_gwa_hag_/bug_du_cil_seong_.png,학교,명사,2,0,0,0
불,http://220.69.171.28:8080/Symbol/Symbol/n3_hag_gyo_/n8_gwa_hag_/bul_1.png,학교,명사,2,0,0,0
비커,http://220.69.171.28:8080/Symbol/Symbol/n3_hag_gyo_/n8_gwa_hag_/bi_keo_.png,학교,명사,2,0,0,0
수성,http://220.69.171.28:8080/Symbol/Symbol/n3_hag_gyo_/n8_gwa_hag_/su_seong_.png,학교,명사,2,0,0,0
스포이드,http://220.69.171.28:8080/Symbol/Symbol/n3_hag_gyo_/n8_gwa_hag_/seu_po_i_deu_.png,학교,명사,2,0,0,0
시험관,http://220.69.171.28:8080/Symbol/Symbol/n3_hag_gyo_/n8_gwa_hag_/si_heom_gwan_001_.png,학교,명사,2,0,0,0
시험관받침,http://220.69.171.28:8080/Symbol/Symbol/n3_hag_gyo_/n8_gwa_hag_/si_heom_gwan_bad_cim_.png,학교,명사,2,0,0,0
실험해요,http://220.69.171.28:8080/Symbol/Symbol/n3_hag_gyo_/n8_gwa_hag_/sil_heom_hae_yo_.png,학교,동사,0,을,0,0
알콜램프,http://220.69.171.28:8080/Symbol/Symbol/n3_hag_gyo_/n8_gwa_hag_/al_kol_raem_peu_.png,학교,명사,2,0,0,0
액체,http://220.69.171.28:8080/Symbol/Symbol/n3_hag_gyo_/n8_gwa_hag_/aeg_ce_.png,학교,명사,2,0,0,0
양팔저울,http://220.69.171.28:8080/Symbol/Symbol/n3_hag_gyo_/n8_gwa_hag_/yang_pal_jeo_ul_201_.png,학교,명사,2,0,0,0
온도계,http://220.69.171.28:8080/Symbol/Symbol/n3_hag_gyo_/n8_gwa_hag_/on_do_gye_1.png,학교,명사,2,0,0,0
온도계,http://220.69.171.28:8080/Symbol/Symbol/n3_hag_gyo_/n8_gwa_hag_/on_do_gye_201_.png,학교,명사,2,0,0,0
용수철,http://220.69.171.28:8080/Symbol/Symbol/n3_hag_gyo_/n8_gwa_hag_/yong_su_ceol_.png,학교,명사,2,0,0,0
위도,http://220.69.171.28:8080/Symbol/Symbol/n3_hag_gyo_/n8_gwa_hag_/wi_do_001_.png,학교,명사,1,0,0,0
위도,http://220.69.171.28:8080/Symbol/Symbol/n3_hag_gyo_/n8_gwa_hag_/wi_do_002_.png,학교,명사,1,0,0,0
유리,http://220.69.171.28:8080/Symbol/Symbol/n3_hag_gyo_/n8_gwa_hag_/yu_ri_.png,학교,명사,2,0,0,0
유리,http://220.69.171.28:8080/Symbol/Symbol/n3_hag_gyo_/n8_gwa_hag_/yu_ri_201_.png,학교,명사,2,0,0,0
자석,http://220.69.171.28:8080/Symbol/Symbol/n3_hag_gyo_/n8_gwa_hag_/ja_seog_001_.png,학교,명사,2,0,0,0
자석,http://220.69.171.28:8080/Symbol/Symbol/n3_hag_gyo_/n8_gwa_hag_/ja_seog_002_.png,학교,명사,2,0,0,0
전구,http://220.69.171.28:8080/Symbol/Symbol/n3_hag_gyo_/n8_gwa_hag_/jeon_gu_.png,학교,명사,2,0,0,0
점화하다,http://220.69.171.28:8080/Symbol/Symbol/n3_hag_gyo_/n8_gwa_hag_/jeom_hwa_ha_da_001_.png,학교,명사,0,을,0,0
점화하다,http://220.69.171.28:8080/Symbol/Symbol/n3_hag_gyo_/n8_gwa_hag_/jeom_hwa_ha_da_002_.png,학교,명사,0,을,0,0
지구,http://220.69.171.28:8080/Symbol/Symbol/n3_hag_gyo_/n8_gwa_hag_/ji_gu_.png,학교,명사,2,0,0,0
지구,http://220.69.171.28:8080/Symbol/Symbol/n3_hag_gyo_/n8_gwa_hag_/ji_gu_201_.png,학교,명사,2,0,0,0
지렛대,http://220.69.171.28:8080/Symbol/Symbol/n3_hag_gyo_/n8_gwa_hag_/ji_res_dae_.png,학교,명사,2,0,0,0
찌그러져요,http://220.69.171.28:8080/Symbol/Symbol/n3_hag_gyo_/n8_gwa_hag_/jji_geu_reo_jyeo_yo_003_.png,학교,동사,0,이,0,0
찌그러져요,http://220.69.171.28:8080/Symbol/Symbol/n3_hag_gyo_/n8_gwa_hag_/jji_geu_reo_jyeo_yo_001_.png,학교,동사,0,이,0,0
찌그러져요,http://220.69.171.28:8080/Symbol/Symbol/n3_hag_gyo_/n8_gwa_hag_/jji_geu_reo_jyeo_yo_002_.png,학교,동사,0,이,0,0
천왕성,http://220.69.171.28:8080/Symbol/Symbol/n3_hag_gyo_/n8_gwa_hag_/ceon_wang_seong_.png,학교,명사,2,0,0,0
철,http://220.69.171.28:8080/Symbol/Symbol/n3_hag_gyo_/n8_gwa_hag_/ceol_.png,학교,명사,2,0,0,0
초승달,http://220.69.171.28:8080/Symbol/Symbol/sunnyk/crescent_sy.png,학교,명사,2,0,0,0
추,http://220.69.171.28:8080/Symbol/Symbol/n3_hag_gyo_/n8_gwa_hag_/cu_.png,학교,명사,2,0,0,0
키우다,http://220.69.171.28:8080/Symbol/Symbol/n3_hag_gyo_/n8_gwa_hag_/ki_u_da_.png,학교,동사,2,을,0,0
태양계,http://220.69.171.28:8080/Symbol/Symbol/n3_hag_gyo_/n8_gwa_hag_/tae_yang_gye_.png,학교,명사,2,0,0,0
토성,http://220.69.171.28:8080/Symbol/Symbol/n3_hag_gyo_/n8_gwa_hag_/to_seong_.png,학교,명사,2,0,0,0
투명해요,http://220.69.171.28:8080/Symbol/Symbol/n3_hag_gyo_/n8_gwa_hag_/tu_myeong_hae_yo_001_.png,학교,동사,0,이,0,0
투명해요,http://220.69.171.28:8080/Symbol/Symbol/n3_hag_gyo_/n8_gwa_hag_/tu_myeong_hae_yo_002_.png,학교,동사,0,이,0,0
표본,http://220.69.171.28:8080/Symbol/Symbol/n3_hag_gyo_/n8_gwa_hag_/pyo_bon_.png,학교,명사,2,0,0,0
플라스틱,http://220.69.171.28:8080/Symbol/Symbol/n3_hag_gyo_/n8_gwa_hag_/peul_ra_seu_tig_.png,학교,명사,2,0,0,0
해부하다,http://220.69.171.28:8080/Symbol/Symbol/n3_hag_gyo_/n8_gwa_hag_/hae_bu_ha_da_001_.png,학교,명사,0,을,0,0
해부하다,http://220.69.171.28:8080/Symbol/Symbol/n3_hag_gyo_/n8_gwa_hag_/hae_bu_ha_da_002_.png,학교,명사,0,을,0,0
해왕성,http://220.69.171.28:8080/Symbol/Symbol/n3_hag_gyo_/n8_gwa_hag_/hae_wang_seong_.png,학교,명사,2,0,0,0
현미경,http://220.69.171.28:8080/Symbol/Symbol/n3_hag_gyo_/n8_gwa_hag_/hyeon_mi_gyeong_.png,학교,명사,2,0,0,0
화석,http://220.69.171.28:8080/Symbol/Symbol/n3_hag_gyo_/n8_gwa_hag_/hwa_seog_002_.png,학교,명사,2,0,0,0
화석,http://220.69.171.28:8080/Symbol/Symbol/n3_hag_gyo_/n8_gwa_hag_/hwa_seog_001_.png,학교,명사,2,0,0,0
화성,http://220.69.171.28:8080/Symbol/Symbol/n3_hag_gyo_/n8_gwa_hag_/hwa_seong_.png,학교,명사,2,0,0,0
가마솥,http://220.69.171.28:8080/Symbol/Symbol/n3_hag_gyo_/n9_sa_hoe_/ga_ma_sot_.png,학교,명사,2,0,0,0
가운데,http://220.69.171.28:8080/Symbol/Symbol/n3_hag_gyo_/n9_sa_hoe_/ga_un_de_.png,학교,명사,1,0,0,0
갈아요,http://220.69.171.28:8080/Symbol/Symbol/n3_hag_gyo_/n9_sa_hoe_/gal_a_yo_002_.png,학교,동사,0,을,0,0
거북선,http://220.69.171.28:8080/Symbol/Symbol/n3_hag_gyo_/n9_sa_hoe_/geo_bug_seon_.png,학교,명사,2,0,0,0
고인돌,http://220.69.171.28:8080/Symbol/Symbol/n3_hag_gyo_/n9_sa_hoe_/go_in_dol_2.png,학교,명사,2,0,0,0
곡물을-갈아요,http://220.69.171.28:8080/Symbol/Symbol/n3_hag_gyo_/n9_sa_hoe_/gog_mul_eul_gal_a_yo_003_.png,학교,동사,0,0,0,0
곡물을갈아요,http://220.69.171.28:8080/Symbol/Symbol/n3_hag_gyo_/n9_sa_hoe_/gog_mul_eul_gal_a_yo_001_.png,학교,동사,0,0,0,0
곡물을갈아요,http://220.69.171.28:8080/Symbol/Symbol/n3_hag_gyo_/n9_sa_hoe_/gog_mul_eul_gal_a_yo_002_.png,학교,동사,0,0,0,0
공업,http://220.69.171.28:8080/Symbol/Symbol/n3_hag_gyo_/n9_sa_hoe_/gong_eob_2.png,학교,명사,1,0,0,0
공장,http://220.69.171.28:8080/Symbol/Symbol/n3_hag_gyo_/n9_sa_hoe_/gong_jang_.png,학교,명사,2,0,0,0
괭이,http://220.69.171.28:8080/Symbol/Symbol/n3_hag_gyo_/n9_sa_hoe_/gwaeng_i_.png,학교,명사,2,0,0,0
금줄,http://220.69.171.28:8080/Symbol/Symbol/n3_hag_gyo_/n9_sa_hoe_/geum_jul_.png,학교,명사,2,0,0,0
나막신,http://220.69.171.28:8080/Symbol/Symbol/n3_hag_gyo_/n9_sa_hoe_/na_mag_sin_.png,학교,명사,2,0,0,0
나침반,http://220.69.171.28:8080/Symbol/Symbol/n3_hag_gyo_/n9_sa_hoe_/na_cim_ban_002_.png,학교,명사,2,0,0,0
낫,http://220.69.171.28:8080/Symbol/Symbol/n3_hag_gyo_/n9_sa_hoe_/nas_.png,학교,명사,2,0,0,0
농촌,http://220.69.171.28:8080/Symbol/Symbol/n3_hag_gyo_/n9_sa_hoe_/nong_con_.png,학교,명사,2,0,0,0
능선,http://220.69.171.28:8080/Symbol/Symbol/n3_hag_gyo_/n9_sa_hoe_/neung_seon_.png,학교,명사,1,0,0,0
다듬잇돌과다듬이방망이,http://220.69.171.28:8080/Symbol/Symbol/n3_hag_gyo_/n9_sa_hoe_/da_deum_is_dol_gwa_da_deum_i_bang_mang_i_.png,학교,명사,2,0,0,0
도롱이,http://220.69.171.28:8080/Symbol/Symbol/n3_hag_gyo_/n9_sa_hoe_/do_rong_i_.png,학교,명사,2,0,0,0
도시,http://220.69.171.28:8080/Symbol/Symbol/n3_hag_gyo_/n9_sa_hoe_/do_si_.png,학교,명사,2,0,0,0
돌하루방,http://220.69.171.28:8080/Symbol/Symbol/n3_hag_gyo_/n9_sa_hoe_/dol_ha_ru_bang_.png,학교,명사,2,0,0,0
등고선,http://220.69.171.28:8080/Symbol/Symbol/n3_hag_gyo_/n9_sa_hoe_/deung_go_seon_001_.png,학교,명사,2,0,0,0
등고선,http://220.69.171.28:8080/Symbol/Symbol/n3_hag_gyo_/n9_sa_hoe_/deung_go_seon_002_.png,학교,명사,2,0,0,0
맷돌,http://220.69.171.28:8080/Symbol/Symbol/n3_hag_gyo_/n9_sa_hoe_/maes_dol_.png,학교,명사,2,0,0,0
먹,http://220.69.171.28:8080/Symbol/Symbol/n3_hag_gyo_/n9_sa_hoe_/meog_001_.png,학교,명사,2,0,0,0
먹,http://220.69.171.28:8080/Symbol/Symbol/n3_hag_gyo_/n9_sa_hoe_/meog_002_.png,학교,명사,2,0,0,0
먹,http://220.69.171.28:8080/Symbol/Symbol/n3_hag_gyo_/n9_sa_hoe_/meog_003_.png,학교,명사,2,0,0,0
무형문화재,http://220.69.171.28:8080/Symbol/Symbol/n3_hag_gyo_/n9_sa_hoe_/mu_hyeong_mun_hwa_jae_001_.png,학교,명사,1,0,0,0
무형문화재,http://220.69.171.28:8080/Symbol/Symbol/n3_hag_gyo_/n9_sa_hoe_/mu_hyeong_mun_hwa_jae_200_.png,학교,명사,1,0,0,0
밥을지어요,http://220.69.171.28:8080/Symbol/Symbol/n3_hag_gyo_/n9_sa_hoe_/bab_eul_ji_eo_yo_.png,학교,명사,0,0,0,0
밭을갈아요,http://220.69.171.28:8080/Symbol/Symbol/n3_hag_gyo_/n9_sa_hoe_/bat_eul_gal_a_yo_.png,학교,동사,0,0,0,0
백두산,http://220.69.171.28:8080/Symbol/Symbol/n3_hag_gyo_/n9_sa_hoe_/baeg_du_san_001_.png,학교,명사,2,0,0,0
백두산,http://220.69.171.28:8080/Symbol/Symbol/n3_hag_gyo_/n9_sa_hoe_/baeg_du_san_002_.png,학교,명사,2,0,0,0
베어요,http://220.69.171.28:8080/Symbol/Symbol/n3_hag_gyo_/n9_sa_hoe_/be_eo_yo_.png,학교,동사,0,을,0,0
베틀,http://220.69.171.28:8080/Symbol/Symbol/n3_hag_gyo_/n9_sa_hoe_/be_teul_.png,학교,명사,2,0,0,0
베틀로옷감을짜요,http://220.69.171.28:8080/Symbol/Symbol/n3_hag_gyo_/n9_sa_hoe_/be_teul_ro_os_gam_eul_jja_yo_.png,학교,동사,0,0,0,0
병풍,http://220.69.171.28:8080/Symbol/Symbol/n3_hag_gyo_/n9_sa_hoe_/byeong_pung_.png,학교,명사,2,0,0,0
복주머니,http://220.69.171.28:8080/Symbol/Symbol/n3_hag_gyo_/n9_sa_hoe_/bog_ju_meo_ni_.png,학교,명사,2,0,0,0
부네탈,http://220.69.171.28:8080/Symbol/Symbol/sunnyk/bu_ne_tal_sy.png,학교,명사,2,0,0,0
부채,http://220.69.171.28:8080/Symbol/Symbol/n3_hag_gyo_/n9_sa_hoe_/bu_cae_.png,학교,명사,2,0,0,0
부채,http://220.69.171.28:8080/Symbol/Symbol/n3_hag_gyo_/n9_sa_hoe_/bu_cae_201_.png,학교,명사,2,0,0,0
분지,http://220.69.171.28:8080/Symbol/Symbol/n3_hag_gyo_/n9_sa_hoe_/bun_ji_.png,학교,명사,2,0,0,0
산림촌,http://220.69.171.28:8080/Symbol/Symbol/n3_hag_gyo_/n9_sa_hoe_/san_rim_con_.png,학교,명사,2,0,0,0
삼태기,http://220.69.171.28:8080/Symbol/Symbol/n3_hag_gyo_/n9_sa_hoe_/sam_tae_gi_.png,학교,명사,2,0,0,0
상투,http://220.69.171.28:8080/Symbol/Symbol/n3_hag_gyo_/n9_sa_hoe_/sang_tu_001_.png,학교,명사,2,0,0,0
상투,http://220.69.171.28:8080/Symbol/Symbol/n3_hag_gyo_/n9_sa_hoe_/sang_tu_002_.png,학교,명사,2,0,0,0
상투,http://220.69.171.28:8080/Symbol/Symbol/n3_hag_gyo_/n9_sa_hoe_/sang_tu_003_.png,학교,명사,2,0,0,0
서당,http://220.69.171.28:8080/Symbol/Symbol/n3_hag_gyo_/n9_sa_hoe_/seo_dang_.png,학교,명사,2,0,0,0
세계지도,http://220.69.171.28:8080/Symbol/Symbol/n3_hag_gyo_/n9_sa_hoe_/se_gye_ji_do_.png,학교,명사,2,0,0,0
시골,http://220.69.171.28:8080/Symbol/Symbol/n3_hag_gyo_/n9_sa_hoe_/si_gol_.png,학교,명사,2,0,0,0
양반탈,http://220.69.171.28:8080/Symbol/Symbol/sunnyk/yang_ban_tal_sy.png,학교,명사,2,0,0,0
어촌,http://220.69.171.28:8080/Symbol/Symbol/n3_hag_gyo_/n9_sa_hoe_/eo_con_.png,학교,명사,2,0,0,0
온돌,http://220.69.171.28:8080/Symbol/Symbol/n3_hag_gyo_/n9_sa_hoe_/on_dol_.png,학교,명사,2,0,0,0
옹기,http://220.69.171.28:8080/Symbol/Symbol/n3_hag_gyo_/n9_sa_hoe_/ong_gi_.png,학교,명사,2,0,0,0
유형문화재,http://220.69.171.28:8080/Symbol/Symbol/n3_hag_gyo_/n9_sa_hoe_/yu_hyeong_mun_hwa_jae_001_.png,학교,명사,1,0,0,0
유형문화재,http://220.69.171.28:8080/Symbol/Symbol/n3_hag_gyo_/n9_sa_hoe_/yu_hyeong_mun_hwa_jae_002_.png,학교,명사,1,0,0,0
장독대,http://220.69.171.28:8080/Symbol/Symbol/n3_hag_gyo_/n9_sa_hoe_/jang_dog_dae_.png,학교,명사,2,0,0,0
쟁기,http://220.69.171.28:8080/Symbol/Symbol/n3_hag_gyo_/n9_sa_hoe_/jaeng_gi_.png,학교,명사,2,0,0,0
절구,http://220.69.171.28:8080/Symbol/Symbol/n3_hag_gyo_/n9_sa_hoe_/jeol_gu_.png,학교,명사,2,0,0,0
지게,http://220.69.171.28:8080/Symbol/Symbol/n3_hag_gyo_/n9_sa_hoe_/ji_ge_.png,학교,명사,2,0,0,0
지도,http://220.69.171.28:8080/Symbol/Symbol/n3_hag_gyo_/n9_sa_hoe_/ji_do_1.png,학교,명사,2,0,0,0
지형,http://220.69.171.28:8080/Symbol/Symbol/n3_hag_gyo_/n9_sa_hoe_/ji_hyeong_.png,학교,명사,1,0,0,0
탈,http://220.69.171.28:8080/Symbol/Symbol/sunnyk/tal_sy.png,학교,명사,2,0,0,0
태극기,http://220.69.171.28:8080/Symbol/Symbol/n3_hag_gyo_/n9_sa_hoe_/tae_geug_gi_.png,학교,명사,2,0,0,0
한국지도,http://220.69.171.28:8080/Symbol/Symbol/n3_hag_gyo_/n9_sa_hoe_/han_gug_ji_do_.png,학교,명사,2,0,0,0
한글,http://220.69.171.28:8080/Symbol/Symbol/n3_hag_gyo_/n9_sa_hoe_/han_geul_.png,학교,명사,2,0,0,0
한옥,http://220.69.171.28:8080/Symbol/Symbol/n3_hag_gyo_/n9_sa_hoe_/han_og_.png,학교,명사,2,0,0,0
호롱,http://220.69.171.28:8080/Symbol/Symbol/n3_hag_gyo_/n9_sa_hoe_/ho_rong_.png,학교,명사,2,0,0,0
호미,http://220.69.171.28:8080/Symbol/Symbol/n3_hag_gyo_/n9_sa_hoe_/ho_mi_.png,학교,명사,2,0,0,0
화로,http://220.69.171.28:8080/Symbol/Symbol/n3_hag_gyo_/n9_sa_hoe_/hwa_ro_.png,학교,명사,2,0,0,0
가야금,http://220.69.171.28:8080/Symbol/Symbol/n3_hag_gyo_/n10_ye_sul_gong_ye_/ga_ya_geum_.png,학교,명사,2,0,0,0
거문고,http://220.69.171.28:8080/Symbol/Symbol/n3_hag_gyo_/n10_ye_sul_gong_ye_/geo_mun_go_.png,학교,명사,2,0,0,0
계이름,http://220.69.171.28:8080/Symbol/Symbol/n3_hag_gyo_/n10_ye_sul_gong_ye_/gye_i_reum_.png,학교,명사,1,0,0,0
교향곡,http://220.69.171.28:8080/Symbol/Symbol/n3_hag_gyo_/n10_ye_sul_gong_ye_/gyo_hyang_gog_.png,학교,명사,1,0,0,0
그래픽,http://220.69.171.28:8080/Symbol/Symbol/n3_hag_gyo_/n10_ye_sul_gong_ye_/geu_rae_pig_.png,학교,명사,1,0,0,0
그림,http://220.69.171.28:8080/Symbol/Symbol/n3_hag_gyo_/n10_ye_sul_gong_ye_/geu_rim_.png,학교,명사,2,0,0,0
단소,http://220.69.171.28:8080/Symbol/Symbol/n3_hag_gyo_/n10_ye_sul_gong_ye_/dan_so_.png,학교,명사,0,0,0,0
대중가요,http://220.69.171.28:8080/Symbol/Symbol/n3_hag_gyo_/n10_ye_sul_gong_ye_/dae_jung_ga_yo_.png,학교,명사,0,0,0,0
데칼코마니,http://220.69.171.28:8080/Symbol/Symbol/n3_hag_gyo_/n10_ye_sul_gong_ye_/de_kal_ko_ma_ni_.png,학교,명사,0,0,0,0
디자인,http://220.69.171.28:8080/Symbol/Symbol/n3_hag_gyo_/n10_ye_sul_gong_ye_/di_ja_in_.png,학교,명사,1,0,0,0
리코더,http://220.69.171.28:8080/Symbol/Symbol/n3_hag_gyo_/n10_ye_sul_gong_ye_/ri_ko_deo_.png,학교,명사,0,0,0,0
만들다,http://220.69.171.28:8080/Symbol/Symbol/n3_hag_gyo_/n10_ye_sul_gong_ye_/man_deul_da_.png,학교,동사,0,을,0,0
먹,http://220.69.171.28:8080/Symbol/Symbol/n3_hag_gyo_/n10_ye_sul_gong_ye_/meog_.png,학교,명사,2,0,0,0
본드,http://220.69.171.28:8080/Symbol/Symbol/n3_hag_gyo_/n10_ye_sul_gong_ye_/bon_deu_.png,학교,명사,2,0,0,0
상상화,http://220.69.171.28:8080/Symbol/Symbol/n3_hag_gyo_/n10_ye_sul_gong_ye_/sang_sang_hwa_.png,학교,명사,2,0,0,0
서양화,http://220.69.171.28:8080/Symbol/Symbol/n3_hag_gyo_/n10_ye_sul_gong_ye_/seo_yang_hwa_.png,학교,명사,2,0,0,0
선을그리다,http://220.69.171.28:8080/Symbol/Symbol/n3_hag_gyo_/n10_ye_sul_gong_ye_/seon_eul_geu_ri_da_.png,학교,동사,0,0,0,0
수채화,http://220.69.171.28:8080/Symbol/Symbol/n3_hag_gyo_/n10_ye_sul_gong_ye_/su_cae_hwa_.png,학교,명사,2,0,0,0
악보,http://220.69.171.28:8080/Symbol/Symbol/n3_hag_gyo_/n10_ye_sul_gong_ye_/ag_bo_.png,학교,명사,2,0,0,0
액자,http://220.69.171.28:8080/Symbol/Symbol/n3_hag_gyo_/n10_ye_sul_gong_ye_/aeg_ja_.png,학교,명사,2,0,0,0
유화,http://220.69.171.28:8080/Symbol/Symbol/n3_hag_gyo_/n10_ye_sul_gong_ye_/yu_hwa_.png,학교,명사,1,0,0,0
자르다,http://220.69.171.28:8080/Symbol/Symbol/n3_hag_gyo_/n10_ye_sul_gong_ye_/ja_reu_da_001_.png,학교,동사,0,을,0,0
자르다,http://220.69.171.28:8080/Symbol/Symbol/n3_hag_gyo_/n10_ye_sul_gong_ye_/ja_reu_da_002_.png,학교,동사,0,을,0,0
장구,http://220.69.171.28:8080/Symbol/Symbol/sunnyk/jang_gu_sy.png,학교,명사,2,0,0,0
재다,http://220.69.171.28:8080/Symbol/Symbol/n3_hag_gyo_/n10_ye_sul_gong_ye_/jae_da_.png,학교,동사,0,을,0,0
접다,http://220.69.171.28:8080/Symbol/Symbol/n3_hag_gyo_/n10_ye_sul_gong_ye_/jeob_da_001_.png,학교,동사,0,을,0,0
접다,http://220.69.171.28:8080/Symbol/Symbol/n3_hag_gyo_/n10_ye_sul_gong_ye_/jeob_da_002_.png,학교,동사,0,을,0,0
찢다,http://220.69.171.28:8080/Symbol/Symbol/n3_hag_gyo_/n10_ye_sul_gong_ye_/jjij_da_.png,학교,동사,0,을,0,0
크레용,http://220.69.171.28:8080/Symbol/Symbol/n3_hag_gyo_/n10_ye_sul_gong_ye_/keu_re_yong_.png,학교,명사,2,0,0,0
크로키,http://220.69.171.28:8080/Symbol/Symbol/n3_hag_gyo_/n10_ye_sul_gong_ye_/keu_ro_ki_.png,학교,명사,1,0,0,0
펀치,http://220.69.171.28:8080/Symbol/Symbol/n3_hag_gyo_/n10_ye_sul_gong_ye_/peon_ci_.png,학교,명사,1,0,0,0
포스터,http://220.69.171.28:8080/Symbol/Symbol/n3_hag_gyo_/n10_ye_sul_gong_ye_/po_seu_teo_.png,학교,명사,2,0,0,0
포스터칼라,http://220.69.171.28:8080/Symbol/Symbol/n3_hag_gyo_/n10_ye_sul_gong_ye_/po_seu_teo_kal_ra_.png,학교,명사,2,0,0,0
풀칠을해요,http://220.69.171.28:8080/Symbol/Symbol/n3_hag_gyo_/n10_ye_sul_gong_ye_/pul_cil_eul_hae_yo_201_.png,학교,동사,0,0,0,0
풍경화,http://220.69.171.28:8080/Symbol/Symbol/n3_hag_gyo_/n10_ye_sul_gong_ye_/pung_gyeong_hwa_.png,학교,명사,2,0,0,0
하모니카,http://220.69.171.28:8080/Symbol/Symbol/n3_hag_gyo_/n10_ye_sul_gong_ye_/ha_mo_ni_ka_.png,학교,명사,2,0,0,0
하모니카,http://220.69.171.28:8080/Symbol/Symbol/n3_hag_gyo_/n10_ye_sul_gong_ye_/ha_mo_ni_ka_201_.png,학교,명사,2,0,0,0
형광펜,http://220.69.171.28:8080/Symbol/Symbol/n3_hag_gyo_/n10_ye_sul_gong_ye_/hyeong_gwang_pen_.png,학교,명사,2,0,0,0
화선지,http://220.69.171.28:8080/Symbol/Symbol/n3_hag_gyo_/n10_ye_sul_gong_ye_/hwa_seon_ji_.png,학교,명사,2,0,0,0
0,http://220.69.171.28:8080/Symbol/Symbol/n3_hag_gyo_/n11_sus_ja_/n0_.png,학교,명사,1,0,0,0
1,http://220.69.171.28:8080/Symbol/Symbol/n3_hag_gyo_/n11_sus_ja_/n1_.png,학교,명사,1,0,0,0
10,http://220.69.171.28:8080/Symbol/Symbol/n3_hag_gyo_/n11_sus_ja_/n10_.png,학교,명사,1,0,0,0
100,http://220.69.171.28:8080/Symbol/Symbol/n3_hag_gyo_/n11_sus_ja_/n100_.png,학교,명사,1,0,0,0
1000,http://220.69.171.28:8080/Symbol/Symbol/n3_hag_gyo_/n11_sus_ja_/n1000_.png,학교,명사,1,0,0,0
10000,http://220.69.171.28:8080/Symbol/Symbol/n3_hag_gyo_/n11_sus_ja_/n10000_.png,학교,명사,1,0,0,0
11,http://220.69.171.28:8080/Symbol/Symbol/n3_hag_gyo_/n11_sus_ja_/n11_.png,학교,명사,1,0,0,0
12,http://220.69.171.28:8080/Symbol/Symbol/n3_hag_gyo_/n11_sus_ja_/n12_.png,학교,명사,1,0,0,0
13,http://220.69.171.28:8080/Symbol/Symbol/n3_hag_gyo_/n11_sus_ja_/n13_.png,학교,명사,1,0,0,0
14,http://220.69.171.28:8080/Symbol/Symbol/n3_hag_gyo_/n11_sus_ja_/n14_.png,학교,명사,1,0,0,0
15,http://220.69.171.28:8080/Symbol/Symbol/n3_hag_gyo_/n11_sus_ja_/n15_.png,학교,명사,1,0,0,0
16,http://220.69.171.28:8080/Symbol/Symbol/n3_hag_gyo_/n11_sus_ja_/n16_.png,학교,명사,1,0,0,0
17,http://220.69.171.28:8080/Symbol/Symbol/n3_hag_gyo_/n11_sus_ja_/n17_.png,학교,명사,1,0,0,0
18,http://220.69.171.28:8080/Symbol/Symbol/n3_hag_gyo_/n11_sus_ja_/n18_.png,학교,명사,1,0,0,0
19,http://220.69.171.28:8080/Symbol/Symbol/n3_hag_gyo_/n11_sus_ja_/n19_.png,학교,명사,1,0,0,0
2,http://220.69.171.28:8080/Symbol/Symbol/n3_hag_gyo_/n11_sus_ja_/n2_.png,학교,명사,1,0,0,0
20,http://220.69.171.28:8080/Symbol/Symbol/n3_hag_gyo_/n11_sus_ja_/n20_.png,학교,명사,1,0,0,0
21,http://220.69.171.28:8080/Symbol/Symbol/n3_hag_gyo_/n11_sus_ja_/n21_.png,학교,명사,1,0,0,0
22,http://220.69.171.28:8080/Symbol/Symbol/n3_hag_gyo_/n11_sus_ja_/n22_.png,학교,명사,1,0,0,0
23,http://220.69.171.28:8080/Symbol/Symbol/n3_hag_gyo_/n11_sus_ja_/n23_.png,학교,명사,1,0,0,0
24,http://220.69.171.28:8080/Symbol/Symbol/n3_hag_gyo_/n11_sus_ja_/n24_.png,학교,명사,1,0,0,0
25,http://220.69.171.28:8080/Symbol/Symbol/n3_hag_gyo_/n11_sus_ja_/n25_.png,학교,명사,1,0,0,0
26,http://220.69.171.28:8080/Symbol/Symbol/n3_hag_gyo_/n11_sus_ja_/n26_.png,학교,명사,1,0,0,0
27,http://220.69.171.28:8080/Symbol/Symbol/n3_hag_gyo_/n11_sus_ja_/n27_.png,학교,명사,1,0,0,0
28,http://220.69.171.28:8080/Symbol/Symbol/n3_hag_gyo_/n11_sus_ja_/n28_.png,학교,명사,1,0,0,0
29,http://220.69.171.28:8080/Symbol/Symbol/n3_hag_gyo_/n11_sus_ja_/n29_.png,학교,명사,1,0,0,0
2분의1,http://220.69.171.28:8080/Symbol/Symbol/n3_hag_gyo_/n11_sus_ja_/n2_bun_yi_1_.png,학교,명사,1,0,0,0
3,http://220.69.171.28:8080/Symbol/Symbol/n3_hag_gyo_/n11_sus_ja_/n3_.png,학교,명사,1,0,0,0
30,http://220.69.171.28:8080/Symbol/Symbol/n3_hag_gyo_/n11_sus_ja_/n30_.png,학교,명사,1,0,0,0
31,http://220.69.171.28:8080/Symbol/Symbol/n3_hag_gyo_/n11_sus_ja_/n31_.png,학교,명사,1,0,0,0
32,http://220.69.171.28:8080/Symbol/Symbol/n3_hag_gyo_/n11_sus_ja_/n32_.png,학교,명사,1,0,0,0
33,http://220.69.171.28:8080/Symbol/Symbol/n3_hag_gyo_/n11_sus_ja_/n33_.png,학교,명사,1,0,0,0
34,http://220.69.171.28:8080/Symbol/Symbol/n3_hag_gyo_/n11_sus_ja_/n34_.png,학교,명사,1,0,0,0
35,http://220.69.171.28:8080/Symbol/Symbol/n3_hag_gyo_/n11_sus_ja_/n35_.png,학교,명사,1,0,0,0
36,http://220.69.171.28:8080/Symbol/Symbol/n3_hag_gyo_/n11_sus_ja_/n36_.png,학교,명사,1,0,0,0
37,http://220.69.171.28:8080/Symbol/Symbol/n3_hag_gyo_/n11_sus_ja_/n37_.png,학교,명사,1,0,0,0
38,http://220.69.171.28:8080/Symbol/Symbol/n3_hag_gyo_/n11_sus_ja_/n38_.png,학교,명사,1,0,0,0
39,http://220.69.171.28:8080/Symbol/Symbol/n3_hag_gyo_/n11_sus_ja_/n39_.png,학교,명사,1,0,0,0
3분의1,http://220.69.171.28:8080/Symbol/Symbol/n3_hag_gyo_/n11_sus_ja_/n3_bun_yi_1_.png,학교,명사,1,0,0,0
3분의2,http://220.69.171.28:8080/Symbol/Symbol/n3_hag_gyo_/n11_sus_ja_/n3_bun_yi_2_.png,학교,명사,1,0,0,0
4,http://220.69.171.28:8080/Symbol/Symbol/n3_hag_gyo_/n11_sus_ja_/n4_.png,학교,명사,1,0,0,0
40,http://220.69.171.28:8080/Symbol/Symbol/n3_hag_gyo_/n11_sus_ja_/n40_.png,학교,명사,1,0,0,0
41,http://220.69.171.28:8080/Symbol/Symbol/n3_hag_gyo_/n11_sus_ja_/n41_.png,학교,명사,1,0,0,0
42,http://220.69.171.28:8080/Symbol/Symbol/n3_hag_gyo_/n11_sus_ja_/n42_.png,학교,명사,1,0,0,0
43,http://220.69.171.28:8080/Symbol/Symbol/n3_hag_gyo_/n11_sus_ja_/n43_.png,학교,명사,1,0,0,0
44,http://220.69.171.28:8080/Symbol/Symbol/n3_hag_gyo_/n11_sus_ja_/n44_.png,학교,명사,1,0,0,0
45,http://220.69.171.28:8080/Symbol/Symbol/n3_hag_gyo_/n11_sus_ja_/n45_.png,학교,명사,1,0,0,0
46,http://220.69.171.28:8080/Symbol/Symbol/n3_hag_gyo_/n11_sus_ja_/n46_.png,학교,명사,1,0,0,0
47,http://220.69.171.28:8080/Symbol/Symbol/n3_hag_gyo_/n11_sus_ja_/n47_.png,학교,명사,1,0,0,0
48,http://220.69.171.28:8080/Symbol/Symbol/n3_hag_gyo_/n11_sus_ja_/n48_.png,학교,명사,1,0,0,0
49,http://220.69.171.28:8080/Symbol/Symbol/n3_hag_gyo_/n11_sus_ja_/n49_.png,학교,명사,1,0,0,0
4분의1,http://220.69.171.28:8080/Symbol/Symbol/n3_hag_gyo_/n11_sus_ja_/n4_bun_yi_1_.png,학교,명사,1,0,0,0
4분의3,http://220.69.171.28:8080/Symbol/Symbol/n3_hag_gyo_/n11_sus_ja_/n4_bun_yi_3_.png,학교,명사,1,0,0,0
5,http://220.69.171.28:8080/Symbol/Symbol/n3_hag_gyo_/n11_sus_ja_/n5_.png,학교,명사,1,0,0,0
50,http://220.69.171.28:8080/Symbol/Symbol/n3_hag_gyo_/n11_sus_ja_/n50_.png,학교,명사,1,0,0,0
51,http://220.69.171.28:8080/Symbol/Symbol/n3_hag_gyo_/n11_sus_ja_/n51_.png,학교,명사,1,0,0,0
52,http://220.69.171.28:8080/Symbol/Symbol/n3_hag_gyo_/n11_sus_ja_/n52_.png,학교,명사,1,0,0,0
53,http://220.69.171.28:8080/Symbol/Symbol/n3_hag_gyo_/n11_sus_ja_/n53_.png,학교,명사,1,0,0,0
54,http://220.69.171.28:8080/Symbol/Symbol/n3_hag_gyo_/n11_sus_ja_/n54_.png,학교,명사,1,0,0,0
55,http://220.69.171.28:8080/Symbol/Symbol/n3_hag_gyo_/n11_sus_ja_/n55_.png,학교,명사,1,0,0,0
56,http://220.69.171.28:8080/Symbol/Symbol/n3_hag_gyo_/n11_sus_ja_/n56_.png,학교,명사,1,0,0,0
57,http://220.69.171.28:8080/Symbol/Symbol/n3_hag_gyo_/n11_sus_ja_/n57_.png,학교,명사,1,0,0,0
58,http://220.69.171.28:8080/Symbol/Symbol/n3_hag_gyo_/n11_sus_ja_/n58_.png,학교,명사,1,0,0,0
59,http://220.69.171.28:8080/Symbol/Symbol/n3_hag_gyo_/n11_sus_ja_/n59_.png,학교,명사,1,0,0,0
6,http://220.69.171.28:8080/Symbol/Symbol/n3_hag_gyo_/n11_sus_ja_/n6_.png,학교,명사,1,0,0,0
60,http://220.69.171.28:8080/Symbol/Symbol/n3_hag_gyo_/n11_sus_ja_/n60_.png,학교,명사,1,0,0,0
61,http://220.69.171.28:8080/Symbol/Symbol/n3_hag_gyo_/n11_sus_ja_/n61_.png,학교,명사,1,0,0,0
62,http://220.69.171.28:8080/Symbol/Symbol/n3_hag_gyo_/n11_sus_ja_/n62_.png,학교,명사,1,0,0,0
63,http://220.69.171.28:8080/Symbol/Symbol/n3_hag_gyo_/n11_sus_ja_/n63_.png,학교,명사,1,0,0,0
64,http://220.69.171.28:8080/Symbol/Symbol/n3_hag_gyo_/n11_sus_ja_/n64_.png,학교,명사,1,0,0,0
65,http://220.69.171.28:8080/Symbol/Symbol/n3_hag_gyo_/n11_sus_ja_/n65_.png,학교,명사,1,0,0,0
66,http://220.69.171.28:8080/Symbol/Symbol/n3_hag_gyo_/n11_sus_ja_/n66_.png,학교,명사,1,0,0,0
67,http://220.69.171.28:8080/Symbol/Symbol/n3_hag_gyo_/n11_sus_ja_/n67_.png,학교,명사,1,0,0,0
68,http://220.69.171.28:8080/Symbol/Symbol/n3_hag_gyo_/n11_sus_ja_/n68_.png,학교,명사,1,0,0,0
69,http://220.69.171.28:8080/Symbol/Symbol/n3_hag_gyo_/n11_sus_ja_/n69_.png,학교,명사,1,0,0,0
7,http://220.69.171.28:8080/Symbol/Symbol/n3_hag_gyo_/n11_sus_ja_/n7_.png,학교,명사,1,0,0,0
70,http://220.69.171.28:8080/Symbol/Symbol/n3_hag_gyo_/n11_sus_ja_/n70_.png,학교,명사,1,0,0,0
71,http://220.69.171.28:8080/Symbol/Symbol/n3_hag_gyo_/n11_sus_ja_/n71_.png,학교,명사,1,0,0,0
72,http://220.69.171.28:8080/Symbol/Symbol/n3_hag_gyo_/n11_sus_ja_/n72_.png,학교,명사,1,0,0,0
73,http://220.69.171.28:8080/Symbol/Symbol/n3_hag_gyo_/n11_sus_ja_/n73_.png,학교,명사,1,0,0,0
74,http://220.69.171.28:8080/Symbol/Symbol/n3_hag_gyo_/n11_sus_ja_/n74_.png,학교,명사,1,0,0,0
75,http://220.69.171.28:8080/Symbol/Symbol/n3_hag_gyo_/n11_sus_ja_/n75_.png,학교,명사,1,0,0,0
76,http://220.69.171.28:8080/Symbol/Symbol/n3_hag_gyo_/n11_sus_ja_/n76_.png,학교,명사,1,0,0,0
77,http://220.69.171.28:8080/Symbol/Symbol/n3_hag_gyo_/n11_sus_ja_/n77_.png,학교,명사,1,0,0,0
78,http://220.69.171.28:8080/Symbol/Symbol/n3_hag_gyo_/n11_sus_ja_/n78_.png,학교,명사,1,0,0,0
79,http://220.69.171.28:8080/Symbol/Symbol/n3_hag_gyo_/n11_sus_ja_/n79_.png,학교,명사,1,0,0,0
8,http://220.69.171.28:8080/Symbol/Symbol/n3_hag_gyo_/n11_sus_ja_/n8_.png,학교,명사,1,0,0,0
80,http://220.69.171.28:8080/Symbol/Symbol/n3_hag_gyo_/n11_sus_ja_/n80_.png,학교,명사,1,0,0,0
81,http://220.69.171.28:8080/Symbol/Symbol/n3_hag_gyo_/n11_sus_ja_/n81_.png,학교,명사,1,0,0,0
82,http://220.69.171.28:8080/Symbol/Symbol/n3_hag_gyo_/n11_sus_ja_/n82_.png,학교,명사,1,0,0,0
83,http://220.69.171.28:8080/Symbol/Symbol/n3_hag_gyo_/n11_sus_ja_/n83_.png,학교,명사,1,0,0,0
84,http://220.69.171.28:8080/Symbol/Symbol/n3_hag_gyo_/n11_sus_ja_/n84_.png,학교,명사,1,0,0,0
85,http://220.69.171.28:8080/Symbol/Symbol/n3_hag_gyo_/n11_sus_ja_/n85_1.png,학교,명사,1,0,0,0
86,http://220.69.171.28:8080/Symbol/Symbol/n3_hag_gyo_/n11_sus_ja_/n86_.png,학교,명사,1,0,0,0
87,http://220.69.171.28:8080/Symbol/Symbol/n3_hag_gyo_/n11_sus_ja_/n87_.png,학교,명사,1,0,0,0
88,http://220.69.171.28:8080/Symbol/Symbol/n3_hag_gyo_/n11_sus_ja_/n88_.png,학교,명사,1,0,0,0
89,http://220.69.171.28:8080/Symbol/Symbol/n3_hag_gyo_/n11_sus_ja_/n89_.png,학교,명사,1,0,0,0
9,http://220.69.171.28:8080/Symbol/Symbol/n3_hag_gyo_/n11_sus_ja_/n9_.png,학교,명사,1,0,0,0
90,http://220.69.171.28:8080/Symbol/Symbol/n3_hag_gyo_/n11_sus_ja_/n90_1.png,학교,명사,1,0,0,0
91,http://220.69.171.28:8080/Symbol/Symbol/n3_hag_gyo_/n11_sus_ja_/n91_.png,학교,명사,1,0,0,0
92,http://220.69.171.28:8080/Symbol/Symbol/n3_hag_gyo_/n11_sus_ja_/n92_.png,학교,명사,1,0,0,0
93,http://220.69.171.28:8080/Symbol/Symbol/n3_hag_gyo_/n11_sus_ja_/n93_.png,학교,명사,1,0,0,0
94,http://220.69.171.28:8080/Symbol/Symbol/n3_hag_gyo_/n11_sus_ja_/n94_.png,학교,명사,1,0,0,0
95,http://220.69.171.28:8080/Symbol/Symbol/n3_hag_gyo_/n11_sus_ja_/n95_1.png,학교,명사,1,0,0,0
96,http://220.69.171.28:8080/Symbol/Symbol/n3_hag_gyo_/n11_sus_ja_/n96_.png,학교,명사,1,0,0,0
97,http://220.69.171.28:8080/Symbol/Symbol/n3_hag_gyo_/n11_sus_ja_/n97_.png,학교,명사,1,0,0,0
98,http://220.69.171.28:8080/Symbol/Symbol/n3_hag_gyo_/n11_sus_ja_/n98_.png,학교,명사,1,0,0,0
99,http://220.69.171.28:8080/Symbol/Symbol/n3_hag_gyo_/n11_sus_ja_/n99_.png,학교,명사,1,0,0,0
1루,http://220.69.171.28:8080/Symbol/Symbol/n3_hag_gyo_/n12_ce_yug_/n1_ru_.png,학교,명사,1,0,0,0
2루,http://220.69.171.28:8080/Symbol/Symbol/n3_hag_gyo_/n12_ce_yug_/n2_ru_.png,학교,명사,1,0,0,0
3루,http://220.69.171.28:8080/Symbol/Symbol/n3_hag_gyo_/n12_ce_yug_/n3_ru_.png,학교,명사,1,0,0,0
야구방망이,http://220.69.171.28:8080/Symbol/Symbol/n3_hag_gyo_/n12_ce_yug_/ya_gu_bang_mang_i_.png,학교,명사,2,0,0,0
잡다,http://220.69.171.28:8080/Symbol/Symbol/n3_hag_gyo_/n12_ce_yug_/jab_da_.png,학교,동사,0,을,0,0
점프하다,http://220.69.171.28:8080/Symbol/Symbol/n3_hag_gyo_/n12_ce_yug_/jeom_peu_ha_da_.png,학교,동사,0,0,0,0
테니스,http://220.69.171.28:8080/Symbol/Symbol/n3_hag_gyo_/n12_ce_yug_/te_ni_seu_.png,학교,명사,1,0,0,0
홈,http://220.69.171.28:8080/Symbol/Symbol/n3_hag_gyo_/n12_ce_yug_/hom_.png,학교,명사,1,0,0,0
가야,http://220.69.171.28:8080/Symbol/Symbol/n3_hag_gyo_/n13_yeog_sa_/ga_ya_.png,학교,명사,1,0,0,0
고구려,http://220.69.171.28:8080/Symbol/Symbol/n3_hag_gyo_/n13_yeog_sa_/go_gu_ryeo_.png,학교,명사,1,0,0,0
고려,http://220.69.171.28:8080/Symbol/Symbol/n3_hag_gyo_/n13_yeog_sa_/go_ryeo_.png,학교,명사,1,0,0,0
고인돌,http://220.69.171.28:8080/Symbol/Symbol/n3_hag_gyo_/n13_yeog_sa_/go_in_dol_1.png,학교,명사,1,0,0,0
고조선,http://220.69.171.28:8080/Symbol/Symbol/n3_hag_gyo_/n13_yeog_sa_/go_jo_seon_.png,학교,명사,1,0,0,0
대한민국,http://220.69.171.28:8080/Symbol/Symbol/n3_hag_gyo_/n13_yeog_sa_/dae_han_min_gug_2.png,학교,명사,1,0,0,0
백제,http://220.69.171.28:8080/Symbol/Symbol/n3_hag_gyo_/n13_yeog_sa_/baeg_je_.png,학교,명사,1,0,0,0
석기시대,http://220.69.171.28:8080/Symbol/Symbol/n3_hag_gyo_/n13_yeog_sa_/seog_gi_si_dae_.png,학교,명사,1,0,0,0
신라,http://220.69.171.28:8080/Symbol/Symbol/n3_hag_gyo_/n13_yeog_sa_/sin_ra_.png,학교,명사,1,0,0,0
인디언_남,http://220.69.171.28:8080/Symbol/Symbol/n3_hag_gyo_/n13_yeog_sa_/in_di_eon_nam_.png,학교,명사,1,0,0,0
인디언_여,http://220.69.171.28:8080/Symbol/Symbol/n3_hag_gyo_/n13_yeog_sa_/in_di_eon_yeo_.png,학교,명사,1,0,0,0
조선,http://220.69.171.28:8080/Symbol/Symbol/n3_hag_gyo_/n13_yeog_sa_/jo_seon_.png,학교,명사,1,0,0,0
지구본,http://220.69.171.28:8080/Symbol/Symbol/n3_hag_gyo_/n13_yeog_sa_/ji_gu_bon_.png,학교,명사,2,0,0,0
철기시대,http://220.69.171.28:8080/Symbol/Symbol/n3_hag_gyo_/n13_yeog_sa_/ceol_gi_si_dae_.png,학교,명사,1,0,0,0
청동기시대,http://220.69.171.28:8080/Symbol/Symbol/n3_hag_gyo_/n13_yeog_sa_/ceong_dong_gi_si_dae_.png,학교,명사,1,0,0,0
피라미드,http://220.69.171.28:8080/Symbol/Symbol/n3_hag_gyo_/n13_yeog_sa_/pi_ra_mi_deu_.png,학교,명사,1,0,0,0
후고구려,http://220.69.171.28:8080/Symbol/Symbol/n3_hag_gyo_/n13_yeog_sa_/hu_go_gu_ryeo_.png,학교,명사,1,0,0,0
경제지리,http://220.69.171.28:8080/Symbol/Symbol/n3_hag_gyo_/n14_gyo_gwa_mog_/gyeong_je_ji_ri_.png,학교,명사,1,0,0,0
공업,http://220.69.171.28:8080/Symbol/Symbol/n3_hag_gyo_/n14_gyo_gwa_mog_/gong_eob_1.png,학교,명사,1,0,0,0
과학탐구영역,http://220.69.171.28:8080/Symbol/Symbol/n3_hag_gyo_/n14_gyo_gwa_mog_/gwa_hag_tam_gu_yeong_yeog_001_.png,학교,명사,1,0,0,0
과학탐구영역,http://220.69.171.28:8080/Symbol/Symbol/n3_hag_gyo_/n14_gyo_gwa_mog_/gwa_hag_tam_gu_yeong_yeog_002_.png,학교,명사,1,0,0,0
국사,http://220.69.171.28:8080/Symbol/Symbol/n3_hag_gyo_/n14_gyo_gwa_mog_/gug_sa_.png,학교,명사,1,0,0,0
기술가정,http://220.69.171.28:8080/Symbol/Symbol/n3_hag_gyo_/n14_gyo_gwa_mog_/gi_sul_ga_jeong_.png,학교,명사,1,0,0,0
논술,http://220.69.171.28:8080/Symbol/Symbol/n3_hag_gyo_/n14_gyo_gwa_mog_/non_sul_.png,학교,명사,1,0,0,0
농업,http://220.69.171.28:8080/Symbol/Symbol/n3_hag_gyo_/n14_gyo_gwa_mog_/nong_eob_.png,학교,명사,1,0,0,0
도덕,http://220.69.171.28:8080/Symbol/Symbol/n3_hag_gyo_/n14_gyo_gwa_mog_/do_deog_.png,학교,명사,1,0,0,0
독서,http://220.69.171.28:8080/Symbol/Symbol/n3_hag_gyo_/n14_gyo_gwa_mog_/dog_seo_.png,학교,명사,1,0,0,0
독일어,http://220.69.171.28:8080/Symbol/Symbol/n3_hag_gyo_/n14_gyo_gwa_mog_/dog_il_eo_.png,학교,명사,1,0,0,0
문학,http://220.69.171.28:8080/Symbol/Symbol/n3_hag_gyo_/n14_gyo_gwa_mog_/mun_hag_.png,학교,명사,1,0,0,0
물리,http://220.69.171.28:8080/Symbol/Symbol/n3_hag_gyo_/n14_gyo_gwa_mog_/mul_ri_.png,학교,명사,1,0,0,0
바른생활,http://220.69.171.28:8080/Symbol/Symbol/n3_hag_gyo_/n14_gyo_gwa_mog_/ba_reun_saeng_hwal_.png,학교,명사,1,0,0,0
법과사회,http://220.69.171.28:8080/Symbol/Symbol/n3_hag_gyo_/n14_gyo_gwa_mog_/beob_gwa_sa_hoe_.png,학교,명사,1,0,0,0
사회,http://220.69.171.28:8080/Symbol/Symbol/n3_hag_gyo_/n14_gyo_gwa_mog_/sa_hoe_.png,학교,명사,1,0,0,0
사회탐구영역,http://220.69.171.28:8080/Symbol/Symbol/n3_hag_gyo_/n14_gyo_gwa_mog_/sa_hoe_tam_gu_yeong_yeog_.png,학교,명사,1,0,0,0
상업경제,http://220.69.171.28:8080/Symbol/Symbol/n3_hag_gyo_/n14_gyo_gwa_mog_/sang_eob_gyeong_je_.png,학교,명사,1,0,0,0
생물,http://220.69.171.28:8080/Symbol/Symbol/n3_hag_gyo_/n14_gyo_gwa_mog_/saeng_mul_.png,학교,명사,1,0,0,0
세계사,http://220.69.171.28:8080/Symbol/Symbol/n3_hag_gyo_/n14_gyo_gwa_mog_/se_gye_sa_.png,학교,명사,1,0,0,0
세계지리,http://220.69.171.28:8080/Symbol/Symbol/n3_hag_gyo_/n14_gyo_gwa_mog_/se_gye_ji_ri_.png,학교,명사,1,0,0,0
수리영역,http://220.69.171.28:8080/Symbol/Symbol/n3_hag_gyo_/n14_gyo_gwa_mog_/su_ri_yeong_yeog_.png,학교,명사,1,0,0,0
수학익힘,http://220.69.171.28:8080/Symbol/Symbol/n3_hag_gyo_/n14_gyo_gwa_mog_/su_hag_ig_him_.png,학교,명사,1,0,0,0
스페인어,http://220.69.171.28:8080/Symbol/Symbol/n3_hag_gyo_/n14_gyo_gwa_mog_/seu_pe_in_eo_.png,학교,명사,1,0,0,0
슬기로운생활,http://220.69.171.28:8080/Symbol/Symbol/n3_hag_gyo_/n14_gyo_gwa_mog_/seul_gi_ro_un_saeng_hwal_.png,학교,명사,1,0,0,0
실과,http://220.69.171.28:8080/Symbol/Symbol/n3_hag_gyo_/n14_gyo_gwa_mog_/sil_gwa_.png,학교,명사,1,0,0,0
언어영역,http://220.69.171.28:8080/Symbol/Symbol/n3_hag_gyo_/n14_gyo_gwa_mog_/eon_eo_yeong_yeog_.png,학교,명사,1,0,0,0
외국어영역,http://220.69.171.28:8080/Symbol/Symbol/n3_hag_gyo_/n14_gyo_gwa_mog_/oe_gug_eo_yeong_yeog_.png,학교,명사,1,0,0,0
우리들은1학년,http://220.69.171.28:8080/Symbol/Symbol/n3_hag_gyo_/n14_gyo_gwa_mog_/u_ri_deul_eun_1_hag_nyeon_.png,학교,명사,1,0,0,0
윤리,http://220.69.171.28:8080/Symbol/Symbol/n3_hag_gyo_/n14_gyo_gwa_mog_/yun_ri_.png,학교,명사,1,0,0,0
작문,http://220.69.171.28:8080/Symbol/Symbol/n3_hag_gyo_/n14_gyo_gwa_mog_/jag_mun_.png,학교,명사,1,0,0,0
정치,http://220.69.171.28:8080/Symbol/Symbol/n3_hag_gyo_/n14_gyo_gwa_mog_/jeong_ci_.png,학교,명사,1,0,0,0
제2외국어영역,http://220.69.171.28:8080/Symbol/Symbol/n3_hag_gyo_/n14_gyo_gwa_mog_/je_2_oe_gug_eo_yeong_yeog_001_.png,학교,명사,1,0,0,0
제2외국어영역,http://220.69.171.28:8080/Symbol/Symbol/n3_hag_gyo_/n14_gyo_gwa_mog_/je_2_oe_gug_eo_yeong_yeog_002_.png,학교,명사,1,0,0,0
중국어,http://220.69.171.28:8080/Symbol/Symbol/n3_hag_gyo_/n14_gyo_gwa_mog_/jung_gug_eo_.png,학교,명사,1,0,0,0
즐거운생활,http://220.69.171.28:8080/Symbol/Symbol/n3_hag_gyo_/n14_gyo_gwa_mog_/jeul_geo_un_saeng_hwal_.png,학교,명사,1,0,0,0
지구과학,http://220.69.171.28:8080/Symbol/Symbol/n3_hag_gyo_/n14_gyo_gwa_mog_/ji_gu_gwa_hag_.png,학교,명사,1,0,0,0
직업탐구영역,http://220.69.171.28:8080/Symbol/Symbol/n3_hag_gyo_/n14_gyo_gwa_mog_/jig_eob_tam_gu_yeong_yeog_001_.png,학교,명사,1,0,0,0
직업탐구영역,http://220.69.171.28:8080/Symbol/Symbol/n3_hag_gyo_/n14_gyo_gwa_mog_/jig_eob_tam_gu_yeong_yeog_002_.png,학교,명사,1,0,0,0
체육,http://220.69.171.28:8080/Symbol/Symbol/n3_hag_gyo_/n14_gyo_gwa_mog_/ce_yug_.png,학교,명사,1,0,0,0
프랑스어,http://220.69.171.28:8080/Symbol/Symbol/n3_hag_gyo_/n14_gyo_gwa_mog_/peu_rang_seu_eo_.png,학교,명사,1,0,0,0
한국근현대사,http://220.69.171.28:8080/Symbol/Symbol/n3_hag_gyo_/n14_gyo_gwa_mog_/han_gug_geun_hyeon_dae_sa_.png,학교,명사,1,0,0,0
한국지리,http://220.69.171.28:8080/Symbol/Symbol/n3_hag_gyo_/n14_gyo_gwa_mog_/han_gug_ji_ri_.png,학교,명사,1,0,0,0
한문,http://220.69.171.28:8080/Symbol/Symbol/n3_hag_gyo_/n14_gyo_gwa_mog_/han_mun_.png,학교,명사,1,0,0,0
화학,http://220.69.171.28:8080/Symbol/Symbol/n3_hag_gyo_/n14_gyo_gwa_mog_/hwa_hag_.png,학교,명사,1,0,0,0
회계원리,http://220.69.171.28:8080/Symbol/Symbol/n3_hag_gyo_/n14_gyo_gwa_mog_/hoe_gye_weon_ri_.png,학교,명사,1,0,0,0
비상구,http://220.69.171.28:8080/Symbol/Symbol/n3_hag_gyo_/n15_hag_gyo_gi_ta_/bi_sang_gu_001_.png,학교,명사,2,0,0,0
비상구,http://220.69.171.28:8080/Symbol/Symbol/n3_hag_gyo_/n15_hag_gyo_gi_ta_/bi_sang_gu_002_.png,학교,명사,2,0,0,0
소화기,http://220.69.171.28:8080/Symbol/Symbol/n3_hag_gyo_/n15_hag_gyo_gi_ta_/so_hwa_gi_001_.png,학교,명사,2,0,0,0
소화기,http://220.69.171.28:8080/Symbol/Symbol/n3_hag_gyo_/n15_hag_gyo_gi_ta_/so_hwa_gi_002_.png,학교,명사,2,0,0,0
압정,http://220.69.171.28:8080/Symbol/Symbol/n3_hag_gyo_/n15_hag_gyo_gi_ta_/ab_jeong_001_.png,학교,명사,2,0,0,0
압정,http://220.69.171.28:8080/Symbol/Symbol/n3_hag_gyo_/n15_hag_gyo_gi_ta_/ab_jeong_002_.png,학교,명사,2,0,0,0
체육복으로 갈아입어주세요,http://220.69.171.28:8080/Symbol/Symbol/n3_hag_gyo_/n15_hag_gyo_gi_ta_/ce_yug_bog_eu_ro_gal_a_ju_se_yo_001_.png,학교,동사,0,0,0,0
체육복으로 갈아입어주세요,http://220.69.171.28:8080/Symbol/Symbol/n3_hag_gyo_/n15_hag_gyo_gi_ta_/ce_yug_bog_eu_ro_gal_a_ju_se_yo_002_.png,학교,동사,0,0,0,0
화재 경보기,http://220.69.171.28:8080/Symbol/Symbol/n3_hag_gyo_/n15_hag_gyo_gi_ta_/hwa_jae_gyeong_bo_gi_001_.png,학교,명사,2,0,0,0
화재경보기,http://220.69.171.28:8080/Symbol/Symbol/n3_hag_gyo_/n15_hag_gyo_gi_ta_/hwa_jae_gyeong_bo_gi_002_.png,학교,명사,2,0,0,0
